,discogem_multi_leaves_0.3_OR,discogem_multi_leaves_0.3_yuleQ,discogem_multi_leaves_0.3_pointwise_mutual_info_mutual_info,discogem_multi_leaves_0.3_proposed_indicator,discogem_multi_leaves_0.4_OR,discogem_multi_leaves_0.4_yuleQ,discogem_multi_leaves_0.4_pointwise_mutual_info_mutual_info,discogem_multi_leaves_0.4_proposed_indicator,discogem_multi_leaves_0.5_OR,discogem_multi_leaves_0.5_yuleQ,discogem_multi_leaves_0.5_pointwise_mutual_info_mutual_info,discogem_multi_leaves_0.5_proposed_indicator,discogem_multi_level2_0.3_OR,discogem_multi_level2_0.3_yuleQ,discogem_multi_level2_0.3_pointwise_mutual_info_mutual_info,discogem_multi_level2_0.3_proposed_indicator,discogem_multi_level2_0.4_OR,discogem_multi_level2_0.4_yuleQ,discogem_multi_level2_0.4_pointwise_mutual_info_mutual_info,discogem_multi_level2_0.4_proposed_indicator,discogem_multi_level2_0.5_OR,discogem_multi_level2_0.5_yuleQ,discogem_multi_level2_0.5_pointwise_mutual_info_mutual_info,discogem_multi_level2_0.5_proposed_indicator,qadc_multi_leaves_0.3_OR,qadc_multi_leaves_0.3_yuleQ,qadc_multi_leaves_0.3_pointwise_mutual_info_mutual_info,qadc_multi_leaves_0.3_proposed_indicator,qadc_multi_leaves_0.4_OR,qadc_multi_leaves_0.4_yuleQ,qadc_multi_leaves_0.4_pointwise_mutual_info_mutual_info,qadc_multi_leaves_0.4_proposed_indicator,qadc_multi_leaves_0.5_OR,qadc_multi_leaves_0.5_yuleQ,qadc_multi_leaves_0.5_pointwise_mutual_info_mutual_info,qadc_multi_leaves_0.5_proposed_indicator,qadc_multi_level2_0.3_OR,qadc_multi_level2_0.3_yuleQ,qadc_multi_level2_0.3_pointwise_mutual_info_mutual_info,qadc_multi_level2_0.3_proposed_indicator,qadc_multi_level2_0.4_OR,qadc_multi_level2_0.4_yuleQ,qadc_multi_level2_0.4_pointwise_mutual_info_mutual_info,qadc_multi_level2_0.4_proposed_indicator,qadc_multi_level2_0.5_OR,qadc_multi_level2_0.5_yuleQ,qadc_multi_level2_0.5_pointwise_mutual_info_mutual_info,qadc_multi_level2_0.5_proposed_indicator
Leaves: synchronous|precedence,2.7085357390700904,0.45007288282537655,1.1799570725996726,0.019969278033794162,NA,0.4839757910556887,1.3605121391080037,0.007211538461538462,NA,NA,NA,0.0,,,,,,,,,,,,,NA,NA,NA,0.0,NA,NA,NA,0.0,NA,NA,NA,0.0,,,,,,,,,,,,
Leaves: synchronous|succession,NA,NA,NA,0.0,NA,NA,NA,0.0,,,,,,,,,,,,,,,,,NA,NA,NA,0.0,NA,NA,NA,0.0,NA,NA,NA,0.0,,,,,,,,,,,,
Leaves: synchronous|reason,0.10643285238623751,NA,NA,0.0,NA,NA,NA,0.0,NA,NA,NA,0.0,,,,,,,,,,,,,NA,NA,NA,0.0,NA,NA,NA,0.0,NA,NA,NA,0.0,,,,,,,,,,,,
Leaves: synchronous|result,NA,-0.20072677886468332,-0.41820550790497857,0.0069767441860465115,0.08816898690316412,NA,NA,0.0,NA,NA,NA,0.0,,,,,,,,,,,,,NA,-0.49685973482205165,-1.3686131621874915,0.00558659217877095,NA,NA,NA,0.0,NA,NA,NA,0.0,,,,,,,,,,,,
Leaves: synchronous|arg1-as-goal,NA,NA,NA,0.0,,,,,,,,,,,,,,,,,,,,,NA,NA,NA,0.0,,,,,,,,,,,,,,,,,,,,
Leaves: synchronous|arg1-as-denier,NA,NA,NA,0.0,NA,NA,NA,0.0,NA,NA,NA,0.0,,,,,,,,,,,,,NA,NA,NA,0.0,NA,NA,NA,0.0,NA,NA,NA,0.0,,,,,,,,,,,,
Leaves: synchronous|arg2-as-denier,0.13783309759547382,NA,NA,0.0,NA,NA,NA,0.0,NA,NA,NA,0.0,,,,,,,,,,,,,NA,NA,NA,0.0,NA,NA,NA,0.0,NA,NA,NA,0.0,,,,,,,,,,,,
Leaves: synchronous|contrast,NA,NA,NA,0.0,NA,NA,NA,0.0,NA,NA,NA,0.0,,,,,,,,,,,,,NA,NA,NA,0.0,NA,NA,NA,0.0,NA,NA,NA,0.0,,,,,,,,,,,,
Leaves: synchronous|similarity,NA,NA,NA,0.0,NA,NA,NA,0.0,NA,NA,NA,0.0,,,,,,,,,,,,,NA,NA,NA,0.0,NA,NA,NA,0.0,,,,,,,,,,,,,,,,
Leaves: synchronous|conjunction,NA,0.03562438762971424,0.0648966985923126,0.00980392156862745,NA,-0.21081081081081082,-0.4994574091130224,0.0020435967302452314,NA,NA,NA,0.0,,,,,,,,,,,,,NA,-0.32357944879210615,-0.6119592330991734,0.009925558312655087,NA,NA,NA,0.0,NA,NA,NA,0.0,,,,,,,,,,,,
Leaves: synchronous|disjunction,NA,NA,NA,0.0,NA,NA,NA,0.0,,,,,,,,,,,,,,,,,NA,NA,NA,0.0,NA,NA,NA,0.0,NA,NA,NA,0.0,,,,,,,,,,,,
Leaves: synchronous|arg2-as-instance,NA,NA,NA,0.0,NA,NA,NA,0.0,NA,NA,NA,0.0,,,,,,,,,,,,,NA,NA,NA,0.0,NA,NA,NA,0.0,NA,NA,NA,0.0,,,,,,,,,,,,
Leaves: synchronous|arg1-as-detail,NA,NA,NA,0.0,NA,NA,NA,0.0,NA,NA,NA,0.0,,,,,,,,,,,,,NA,NA,NA,0.0,NA,NA,NA,0.0,NA,NA,NA,0.0,,,,,,,,,,,,
Leaves: synchronous|arg2-as-detail,0.27400953029271613,-0.6054891197804352,-1.7544685188647149,0.0027137042062415195,NA,NA,NA,0.0,NA,NA,NA,0.0,,,,,,,,,,,,,0.08761786771285016,NA,NA,0.0,NA,NA,NA,0.0,NA,NA,NA,0.0,,,,,,,,,,,,
Leaves: synchronous|arg2-as-subst,NA,NA,NA,0.0,NA,NA,NA,0.0,NA,NA,NA,0.0,,,,,,,,,,,,,,,,,,,,,,,,,,,,,,,,,,,,
Leaves: precedence|succession,NA,NA,NA,0.0,NA,NA,NA,0.0,,,,,,,,,,,,,,,,,22.026074700493304,0.9170769629437678,2.9865267117217282,0.11538461538461539,NA,NA,NA,0.0,NA,NA,NA,0.0,,,,,,,,,,,,
Leaves: precedence|reason,0.05064063113514657,-0.9219906331557685,-4.380067526371581,0.0019047619047619048,0.1454339913288694,-0.7909680184282424,-2.9652075349417326,0.003067484662576687,0.07865284639478187,NA,NA,0.0,,,,,,,,,,,,,0.12147660609529261,-0.8487215149245747,-3.294906604937575,0.0051813471502590676,0.11801713029636929,NA,NA,0.0,NA,NA,NA,0.0,,,,,,,,,,,,
Leaves: precedence|result,0.7529035292521931,-0.14185324530511725,-0.26466946700169897,0.0637042862760519,0.328791332091019,-0.5096481271282634,-1.3193383095307527,0.019726027397260273,0.04730913188897086,-0.926909602030755,-4.417952378394802,0.001563721657544957,,,,,,,,,,,,,NA,0.16014091595369903,0.3363800422404346,0.07657657657657657,NA,0.02317387179834666,0.05589120089204487,0.034482758620689655,NA,NA,NA,0.0,,,,,,,,,,,,
Leaves: precedence|arg1-as-goal,NA,NA,NA,0.0,,,,,,,,,,,,,,,,,,,,,NA,NA,NA,0.0,,,,,,,,,,,,,,,,,,,,
Leaves: precedence|arg1-as-denier,0.11969040055463002,-0.8515333170737969,-3.4851495724291386,0.0013850415512465374,NA,NA,NA,0.0,NA,NA,NA,0.0,,,,,,,,,,,,,NA,NA,NA,0.0,NA,NA,NA,0.0,NA,NA,NA,0.0,,,,,,,,,,,,
Leaves: precedence|arg2-as-denier,0.49452278503660146,-0.3500046360049313,-0.9423478671753852,0.01812366737739872,0.19694211382871443,-0.7268803803457269,-2.5463784565005145,0.003401360544217687,NA,-0.6335754640839386,-2.090265014218755,0.0026595744680851063,,,,,,,,,,,,,NA,NA,NA,0.0,NA,NA,NA,0.0,NA,NA,NA,0.0,,,,,,,,,,,,
Leaves: precedence|contrast,0.1366936340060456,-0.80220614890642,-3.0257179537918413,0.002577319587628866,0.08298328746525407,NA,NA,0.0,NA,NA,NA,0.0,,,,,,,,,,,,,NA,-0.579454253611557,-1.7683607904417404,0.008771929824561403,NA,0.001791044776119403,0.004817016297775842,0.01639344262295082,NA,NA,NA,0.0,,,,,,,,,,,,
Leaves: precedence|similarity,0.06003453519239195,NA,NA,0.0,NA,NA,NA,0.0,NA,NA,NA,0.0,,,,,,,,,,,,,NA,NA,NA,0.0,NA,NA,NA,0.0,,,,,,,,,,,,,,,,
Leaves: precedence|conjunction,0.4337701590584619,-0.3961698513574317,-0.8073512862746407,0.043774668101901684,0.2809392963368947,-0.5662658519937929,-1.5261522757784423,0.017023613399231193,0.07724680980613735,-0.8755325836418244,-3.650979968693234,0.0025884383088869713,,,,,,,,,,,,,0.23788212980426005,-0.6256426398069458,-1.4094663692004301,0.02643171806167401,0.03107480784353517,NA,NA,0.0,NA,NA,NA,0.0,,,,,,,,,,,,
Leaves: precedence|disjunction,NA,NA,NA,0.0,NA,NA,NA,0.0,,,,,,,,,,,,,,,,,NA,NA,NA,0.0,NA,NA,NA,0.0,NA,NA,NA,0.0,,,,,,,,,,,,
Leaves: precedence|arg2-as-instance,0.08498847854107672,-0.8639369768425201,-3.558752662469137,0.0030581039755351682,0.03255631126280619,NA,NA,0.0,0.08354742575274894,NA,NA,0.0,,,,,,,,,,,,,0.09468652325795184,NA,NA,0.0,NA,NA,NA,0.0,NA,NA,NA,0.0,,,,,,,,,,,,
Leaves: precedence|arg1-as-detail,0.20935072390965034,-0.7533348836226033,-2.6955693520995108,0.0014903129657228018,NA,NA,NA,0.0,NA,NA,NA,0.0,,,,,,,,,,,,,NA,NA,NA,0.0,NA,NA,NA,0.0,NA,NA,NA,0.0,,,,,,,,,,,,
Leaves: precedence|arg2-as-detail,0.06781607081869725,-0.8776265147084824,-3.4489293845163855,0.005982053838484547,0.00804220197026721,NA,NA,0.0,0.021752077365928362,NA,NA,0.0,,,,,,,,,,,,,0.19050946229206,-0.7026060296371998,-2.019899557437705,0.015723270440251572,0.05618336461286587,NA,NA,0.0,NA,NA,NA,0.0,,,,,,,,,,,,
Leaves: precedence|arg2-as-subst,NA,-0.14033423337955192,-0.37364125721214814,0.0016260162601626016,NA,NA,NA,0.0,NA,NA,NA,0.0,,,,,,,,,,,,,,,,,,,,,,,,,,,,,,,,,,,,
Leaves: succession|reason,NA,NA,NA,0.0,NA,NA,NA,0.0,,,,,,,,,,,,,,,,,NA,NA,NA,0.0,NA,NA,NA,0.0,NA,NA,NA,0.0,,,,,,,,,,,,
Leaves: succession|result,0.08348942239125268,NA,NA,0.0,NA,NA,NA,0.0,,,,,,,,,,,,,,,,,NA,-0.49685973482205165,-1.3686131621874915,0.00558659217877095,NA,NA,NA,0.0,NA,NA,NA,0.0,,,,,,,,,,,,
Leaves: succession|arg1-as-goal,NA,NA,NA,0.0,,,,,,,,,,,,,,,,,,,,,NA,NA,NA,0.0,,,,,,,,,,,,,,,,,,,,
Leaves: succession|arg1-as-denier,NA,NA,NA,0.0,NA,NA,NA,0.0,,,,,,,,,,,,,,,,,NA,NA,NA,0.0,NA,NA,NA,0.0,NA,NA,NA,0.0,,,,,,,,,,,,
Leaves: succession|arg2-as-denier,NA,NA,NA,0.0,NA,NA,NA,0.0,,,,,,,,,,,,,,,,,NA,NA,NA,0.0,NA,NA,NA,0.0,NA,NA,NA,0.0,,,,,,,,,,,,
Leaves: succession|contrast,NA,NA,NA,0.0,NA,NA,NA,0.0,,,,,,,,,,,,,,,,,NA,0.22641509433962265,0.6141088463806725,0.01818181818181818,NA,NA,NA,0.0,NA,NA,NA,0.0,,,,,,,,,,,,
Leaves: succession|similarity,NA,NA,NA,0.0,NA,NA,NA,0.0,,,,,,,,,,,,,,,,,NA,NA,NA,0.0,NA,NA,NA,0.0,,,,,,,,,,,,,,,,
Leaves: succession|conjunction,NA,-0.04729422464756708,-0.08943144779898098,0.0017278617710583153,NA,NA,NA,0.0,,,,,,,,,,,,,,,,,0.25312899106002557,-0.6515311510031679,-1.6119592330991734,0.0049382716049382715,NA,0.44766146993318484,0.8537792591489561,0.004,NA,NA,NA,0.0,,,,,,,,,,,,
Leaves: succession|disjunction,NA,NA,NA,0.0,NA,NA,NA,0.0,,,,,,,,,,,,,,,,,NA,NA,NA,0.0,NA,NA,NA,0.0,NA,NA,NA,0.0,,,,,,,,,,,,
Leaves: succession|arg2-as-instance,NA,0.18645054838396583,0.504942012848253,0.002544529262086514,NA,NA,NA,0.0,,,,,,,,,,,,,,,,,NA,0.0847457627118644,0.22506655563477354,0.014705882352941176,NA,NA,NA,0.0,NA,NA,NA,0.0,,,,,,,,,,,,
Leaves: succession|arg1-as-detail,NA,NA,NA,0.0,NA,NA,NA,0.0,,,,,,,,,,,,,,,,,NA,NA,NA,0.0,NA,NA,NA,0.0,NA,NA,NA,0.0,,,,,,,,,,,,
Leaves: succession|arg2-as-detail,3.6040411201701525,0.5656861235176344,1.19972779152216,0.004219409282700422,NA,NA,NA,0.0,,,,,,,,,,,,,,,,,NA,-0.6711409395973155,-1.9593580155026542,0.0038022813688212928,NA,NA,NA,0.0,NA,NA,NA,0.0,,,,,,,,,,,,
Leaves: succession|arg2-as-subst,NA,NA,NA,0.0,NA,NA,NA,0.0,,,,,,,,,,,,,,,,,,,,,,,,,,,,,,,,,,,,,,,,
Leaves: reason|result,0.16987614920439975,-0.7126645892249222,-2.014755982901346,0.014302741358760428,0.0725797630276,-0.8759440027527754,-3.5121637130831442,0.0029239766081871343,0.019134325642137264,NA,NA,0.0,,,,,,,,,,,,,0.07827701542648574,-0.8814229249011858,-3.480121477404482,0.007017543859649123,0.03794205311350393,NA,NA,0.0,0.08760330578512397,NA,NA,0.0,,,,,,,,,,,,
Leaves: reason|arg1-as-goal,NA,NA,NA,0.0,,,,,,,,,,,,,,,,,,,,,NA,NA,NA,0.0,,,,,,,,,,,,,,,,,,,,
Leaves: reason|arg1-as-denier,0.2769109490957772,-0.6357388316151202,-2.065311086886474,0.0035149384885764497,NA,NA,NA,0.0,NA,NA,NA,0.0,,,,,,,,,,,,,NA,NA,NA,0.0,NA,NA,NA,0.0,NA,NA,NA,0.0,,,,,,,,,,,,
Leaves: reason|arg2-as-denier,0.12731532766439005,-0.8027828191167574,-3.0250097221619034,0.00375,0.18930227474980874,-0.7749772638690399,-2.891206953497956,0.002257336343115124,NA,NA,NA,0.0,,,,,,,,,,,,,NA,NA,NA,0.0,NA,NA,NA,0.0,NA,NA,NA,0.0,,,,,,,,,,,,
Leaves: reason|contrast,0.4236043623798726,-0.4423541676538881,-1.2839513733618142,0.008051529790660225,NA,NA,NA,0.0,NA,NA,NA,0.0,,,,,,,,,,,,,0.22151677248412738,-0.7391304347826086,-2.497399468836318,0.006172839506172839,NA,NA,NA,0.0,NA,NA,NA,0.0,,,,,,,,,,,,
Leaves: reason|similarity,0.08238603070432439,NA,NA,0.0,NA,NA,NA,0.0,NA,NA,NA,0.0,,,,,,,,,,,,,NA,0.12663755458515283,0.3099554532212862,0.007936507936507936,NA,NA,NA,0.0,,,,,,,,,,,,,,,,
Leaves: reason|conjunction,0.2782776536192413,-0.5668228206772808,-1.3409702147949456,0.02338530066815145,0.08689746498347152,-0.8511761881901104,-3.240214582441603,0.0035294117647058825,0.022187412089235373,NA,NA,0.0,,,,,,,,,,,,,0.3114649000961641,-0.5299383460956184,-1.023027830175072,0.05327868852459016,0.13199861660838488,-0.7885690523494895,-2.5212601721979686,0.012195121951219513,0.043411471934621644,NA,NA,0.0,,,,,,,,,,,,
Leaves: reason|disjunction,NA,NA,NA,0.0,NA,NA,NA,0.0,,,,,,,,,,,,,,,,,NA,NA,NA,0.0,NA,NA,NA,0.0,NA,NA,NA,0.0,,,,,,,,,,,,
Leaves: reason|arg2-as-instance,0.5127051403401611,-0.33669907442120084,-0.916521755590024,0.017114914425427872,NA,-0.2899275916877612,-0.8132044414966827,0.010548523206751054,NA,NA,NA,0.0,,,,,,,,,,,,,NA,-0.2281630492323981,-0.5645136646948548,0.029239766081871343,NA,NA,NA,0.0,NA,NA,NA,0.0,,,,,,,,,,,,
Leaves: reason|arg1-as-detail,NA,-0.10263709919089002,-0.27573086655684564,0.007751937984496124,NA,NA,NA,0.0,NA,NA,NA,0.0,,,,,,,,,,,,,NA,NA,NA,0.0,NA,NA,NA,0.0,NA,NA,NA,0.0,,,,,,,,,,,,
Leaves: reason|arg2-as-detail,NA,-0.0499335066024357,-0.10625875949618044,0.05126760563380282,0.46845378394330633,-0.3741418435641858,-1.0008314446724542,0.015122873345935728,0.04430829638154554,NA,NA,0.0,,,,,,,,,,,,,NA,-0.21861777150916784,-0.42701014094491985,0.07225433526011561,0.18523696351181324,-0.7238982343945503,-2.280076487585834,0.012605042016806723,0.060893877718843796,NA,NA,0.0,,,,,,,,,,,,
Leaves: reason|arg2-as-subst,NA,0.017257344894351375,0.046197228330516725,0.0021598272138228943,NA,NA,NA,0.0,NA,NA,NA,0.0,,,,,,,,,,,,,,,,,,,,,,,,,,,,,,,,,,,,
Leaves: result|arg1-as-goal,NA,NA,1.6291002068733784,0.00047551117451260106,,,,,,,,,,,,,,,,,,,,,NA,NA,2.4387417598701124,0.006024096385542169,,,,,,,,,,,,,,,,,,,,
Leaves: result|arg1-as-denier,0.34500095739643205,-0.49611392710596186,-1.2023001891508764,0.007702763932940644,0.18821363631230023,-0.7356879436373971,-2.3999959728759777,0.0013280212483399733,NA,NA,NA,0.0,,,,,,,,,,,,,NA,-0.3438914027149321,-0.8831863350172501,0.005714285714285714,NA,NA,NA,0.0,NA,NA,NA,0.0,,,,,,,,,,,,
Leaves: result|arg2-as-denier,0.4672064017071219,-0.3655988199142966,-0.7900300470393483,0.027615062761506277,0.09892359096641785,-0.8345337215439887,-3.093334634641926,0.003037667071688943,0.13680266339228073,-0.8017284086530523,-2.9480664021203387,0.0018148820326678765,,,,,,,,,,,,,NA,0.050359712230215826,0.11681366498274987,0.0058823529411764705,NA,NA,NA,0.0,NA,NA,NA,0.0,,,,,,,,,,,,
Leaves: result|contrast,0.23755206257416578,-0.6235196711858894,-1.6604064103216063,0.00796107916850951,0.09593293887892107,-0.8566635816751504,-3.3372602175280153,0.0012911555842479018,0.04884775268050529,NA,NA,0.0,,,,,,,,,,,,,0.15145779492592729,-0.8141592920353983,-2.953575662908648,0.004830917874396135,NA,NA,NA,0.0,NA,NA,NA,0.0,,,,,,,,,,,,
Leaves: result|similarity,0.1800497556215053,-0.7132920406743731,-2.107865387292828,0.002756086357372531,0.21945996343426544,-0.7398512991891402,-2.4303696219194966,0.0006738544474393531,NA,NA,NA,0.0,,,,,,,,,,,,,NA,NA,NA,0.0,NA,NA,NA,0.0,,,,,,,,,,,,,,,,
Leaves: result|conjunction,0.34736448011496135,-0.4846823171796701,-0.7911580227205061,0.10831867303342549,0.16479911304851777,-0.7183295933446445,-1.9569154364153312,0.029692470837751856,0.018293522888471823,-0.9690946864137726,-5.508781356594818,0.0015906680805938495,,,,,,,,,,,,,0.18861209964412812,-0.6867469879518072,-1.479204024247402,0.04878048780487805,0.09284327191777578,-0.8467119861928076,-2.94063660720115,0.011235955056179775,0.1864043891342165,-0.7381489841986456,-2.4222330006830477,0.00980392156862745,,,,,,,,,,,,
Leaves: result|disjunction,NA,NA,NA,0.0,NA,NA,NA,0.0,,,,,,,,,,,,,,,,,NA,0.050359712230215826,0.11681366498274987,0.0058823529411764705,NA,NA,NA,0.0,NA,NA,NA,0.0,,,,,,,,,,,,
Leaves: result|arg2-as-instance,0.16902280893476784,-0.7145193351472516,-2.041438025553852,0.012219959266802444,0.06723455002342518,-0.8869462537614748,-3.6591883124153775,0.0023781212841854932,0.020328673062473622,NA,NA,0.0,,,,,,,,,,,,,0.03676649622595569,NA,NA,0.0,NA,NA,NA,0.0,NA,NA,NA,0.0,,,,,,,,,,,,
Leaves: result|arg1-as-detail,1.6790123833809225,0.25198902161889464,0.45401350031528714,0.014472455648926238,3.4701826956221993,0.5526762301403672,1.1545928788016593,0.007472826086956522,NA,0.04576158310341547,0.11082728693322992,0.0009910802775024777,,,,,,,,,,,,,NA,-0.3900589721988206,-1.0206898587671849,0.005681818181818182,NA,NA,NA,0.0,NA,NA,NA,0.0,,,,,,,,,,,,
Leaves: result|arg2-as-detail,0.18764907847618983,-0.6847652485479677,-1.629051977580669,0.043903886087214475,0.07157139289309149,-0.8695157806482209,-3.2769597072602012,0.008399646330680813,0.005249723568182423,NA,NA,0.0,,,,,,,,,,,,,0.20041590129275985,-0.6745401923256465,-1.7196876027343706,0.03482587064676617,0.09241834070054124,-0.8614121510673235,-3.284415423310172,0.00749063670411985,0.04999142219934809,NA,NA,0.0,,,,,,,,,,,,
Leaves: result|arg2-as-subst,NA,-0.27367463402530806,-0.5932922144630692,0.0014191106906338694,NA,-0.26974923902014786,-0.6527620432559444,0.0006816632583503749,NA,NA,NA,0.0,,,,,,,,,,,,,,,,,,,,,,,,,,,,,,,,,,,,
Leaves: arg1-as-goal|arg1-as-denier,NA,NA,NA,0.0,,,,,,,,,,,,,,,,,,,,,NA,NA,NA,0.0,,,,,,,,,,,,,,,,,,,,
Leaves: arg1-as-goal|arg2-as-denier,NA,NA,NA,0.0,,,,,,,,,,,,,,,,,,,,,NA,NA,NA,0.0,,,,,,,,,,,,,,,,,,,,
Leaves: arg1-as-goal|contrast,NA,NA,NA,0.0,,,,,,,,,,,,,,,,,,,,,NA,NA,NA,0.0,,,,,,,,,,,,,,,,,,,,
Leaves: arg1-as-goal|similarity,NA,NA,NA,0.0,,,,,,,,,,,,,,,,,,,,,NA,NA,NA,0.0,,,,,,,,,,,,,,,,,,,,
Leaves: arg1-as-goal|conjunction,NA,NA,NA,0.0,,,,,,,,,,,,,,,,,,,,,NA,NA,NA,0.0,,,,,,,,,,,,,,,,,,,,
Leaves: arg1-as-goal|disjunction,NA,NA,NA,0.0,,,,,,,,,,,,,,,,,,,,,NA,NA,NA,0.0,,,,,,,,,,,,,,,,,,,,
Leaves: arg1-as-goal|arg2-as-instance,NA,NA,NA,0.0,,,,,,,,,,,,,,,,,,,,,NA,NA,NA,0.0,,,,,,,,,,,,,,,,,,,,
Leaves: arg1-as-goal|arg1-as-detail,NA,NA,NA,0.0,,,,,,,,,,,,,,,,,,,,,NA,NA,NA,0.0,,,,,,,,,,,,,,,,,,,,
Leaves: arg1-as-goal|arg2-as-detail,NA,NA,NA,0.0,,,,,,,,,,,,,,,,,,,,,NA,NA,NA,0.0,,,,,,,,,,,,,,,,,,,,
Leaves: arg1-as-goal|arg2-as-subst,NA,NA,NA,0.0,,,,,,,,,,,,,,,,,,,,,,,,,,,,,,,,,,,,,,,,,,,,
Leaves: arg1-as-denier|arg2-as-denier,4.370573734612225,0.6230373815435185,1.8085076871163959,0.050997782705099776,NA,-0.1620664305286373,-0.4571111184034273,0.00423728813559322,NA,NA,NA,0.0,,,,,,,,,,,,,NA,0.9219088937093276,4.169925001442312,0.07142857142857142,NA,NA,NA,0.0,NA,NA,NA,0.0,,,,,,,,,,,,
Leaves: arg1-as-denier|contrast,NA,0.2206047032474804,0.6109665805806286,0.017123287671232876,NA,0.21743285864474815,0.620891393597846,0.007352941176470588,NA,NA,NA,0.0,,,,,,,,,,,,,10.059915611814345,0.8067940552016986,2.6844981742720706,0.061224489795918366,NA,NA,NA,0.0,NA,NA,NA,0.0,,,,,,,,,,,,
Leaves: arg1-as-denier|similarity,NA,NA,NA,0.0,NA,NA,NA,0.0,NA,NA,NA,0.0,,,,,,,,,,,,,NA,NA,NA,0.0,NA,NA,NA,0.0,,,,,,,,,,,,,,,,
Leaves: arg1-as-denier|conjunction,0.13305612309896903,-0.7765217956213863,-2.4233321843524194,0.003305785123966942,0.03628227194492255,NA,NA,0.0,NA,NA,NA,0.0,,,,,,,,,,,,,0.20053637277908146,-0.7526080476900149,-2.126532405928932,0.0024875621890547263,NA,NA,NA,0.0,NA,NA,NA,0.0,,,,,,,,,,,,
Leaves: arg1-as-denier|disjunction,NA,NA,NA,0.0,NA,NA,NA,0.0,,,,,,,,,,,,,,,,,NA,NA,NA,0.0,NA,NA,NA,0.0,NA,NA,NA,0.0,,,,,,,,,,,,
Leaves: arg1-as-denier|arg2-as-instance,0.06457946690335942,NA,NA,0.0,NA,NA,NA,0.0,NA,NA,NA,0.0,,,,,,,,,,,,,NA,NA,NA,0.0,NA,NA,NA,0.0,NA,NA,NA,0.0,,,,,,,,,,,,
Leaves: arg1-as-denier|arg1-as-detail,NA,NA,NA,0.0,NA,NA,NA,0.0,NA,NA,NA,0.0,,,,,,,,,,,,,NA,NA,NA,0.0,NA,NA,NA,0.0,NA,NA,NA,0.0,,,,,,,,,,,,
Leaves: arg1-as-denier|arg2-as-detail,0.4048061433325043,-0.4383353070546439,-1.134172945031278,0.007868852459016393,0.07233715000481093,NA,NA,0.0,NA,NA,NA,0.0,,,,,,,,,,,,,NA,NA,NA,0.0,NA,NA,NA,0.0,NA,NA,NA,0.0,,,,,,,,,,,,
Leaves: arg1-as-denier|arg2-as-subst,NA,NA,NA,0.0,NA,NA,NA,0.0,NA,NA,NA,0.0,,,,,,,,,,,,,,,,,,,,,,,,,,,,,,,,,,,,
Leaves: arg2-as-denier|contrast,1.82533748701973,0.2800683614612262,0.7443773496966802,0.031189083820662766,NA,0.06909278173547335,0.19058713766569121,0.010830324909747292,NA,NA,NA,0.0,,,,,,,,,,,,,NA,NA,NA,0.0,NA,NA,NA,0.0,NA,NA,NA,0.0,,,,,,,,,,,,
Leaves: arg2-as-denier|similarity,0.10669700510423713,NA,NA,0.0,NA,NA,NA,0.0,NA,NA,NA,0.0,,,,,,,,,,,,,NA,NA,NA,0.0,NA,NA,NA,0.0,,,,,,,,,,,,,,,,
Leaves: arg2-as-denier|conjunction,0.2668623097648711,-0.5816412878909163,-1.413404468671368,0.017986988136241867,0.11859951644798163,-0.80212545465629,-2.8213855040003843,0.003667481662591687,0.031016571574650743,NA,NA,0.0,,,,,,,,,,,,,NA,NA,NA,0.0,NA,NA,NA,0.0,NA,NA,NA,0.0,,,,,,,,,,,,
Leaves: arg2-as-denier|disjunction,NA,NA,NA,0.0,NA,NA,NA,0.0,,,,,,,,,,,,,,,,,NA,NA,NA,0.0,NA,NA,NA,0.0,NA,NA,NA,0.0,,,,,,,,,,,,
Leaves: arg2-as-denier|arg2-as-instance,0.24145296302982508,-0.6392225949734806,-2.051691764814409,0.00684931506849315,0.07088942041889996,NA,NA,0.0,NA,NA,NA,0.0,,,,,,,,,,,,,NA,NA,NA,0.0,NA,NA,NA,0.0,NA,NA,NA,0.0,,,,,,,,,,,,
Leaves: arg2-as-denier|arg1-as-detail,NA,-0.3246753246753247,-0.9254740486109889,0.004750593824228029,NA,NA,NA,0.0,NA,NA,NA,0.0,,,,,,,,,,,,,NA,NA,NA,0.0,NA,NA,NA,0.0,NA,NA,NA,0.0,,,,,,,,,,,,
Leaves: arg2-as-denier|arg2-as-detail,0.13416898282927045,-0.7708168988987614,-2.563356863607928,0.007403189066059226,0.05309080606135732,-0.9314230099758558,-4.582002366231237,0.0009910802775024777,0.06190975865687303,NA,NA,0.0,,,,,,,,,,,,,NA,-0.21315468940316687,-0.4739311883324124,0.003937007874015748,NA,NA,NA,0.0,NA,NA,NA,0.0,,,,,,,,,,,,
Leaves: arg2-as-denier|arg2-as-subst,NA,NA,NA,0.0,NA,NA,NA,0.0,NA,NA,NA,0.0,,,,,,,,,,,,,,,,,,,,,,,,,,,,,,,,,,,,
Leaves: contrast|similarity,NA,-0.37733499377334995,-1.1140263719195016,0.00392156862745098,NA,NA,NA,0.0,NA,NA,NA,0.0,,,,,,,,,,,,,NA,0.6124763705103969,1.8365012677171204,0.02127659574468085,NA,NA,NA,0.0,,,,,,,,,,,,,,,,
Leaves: contrast|conjunction,0.2984720158762864,-0.5460531186274136,-1.3200443759403977,0.01017087062652563,0.17840859888942318,-0.7248123216709604,-2.3283454927202674,0.002600780234070221,0.05662296966644793,NA,NA,0.0,,,,,,,,,,,,,0.4547982155825293,-0.3868134441972128,-0.7374901151830325,0.025943396226415096,0.16887994634473508,-0.7932621199671323,-2.6697826969080567,0.0036900369003690036,NA,NA,NA,0.0,,,,,,,,,,,,
Leaves: contrast|disjunction,NA,NA,NA,0.0,NA,NA,NA,0.0,,,,,,,,,,,,,,,,,NA,0.6777996070726916,2.0995356735509145,0.021739130434782608,NA,NA,NA,0.0,NA,NA,NA,0.0,,,,,,,,,,,,
Leaves: contrast|arg2-as-instance,0.1332683626261608,-0.836195144788841,-3.3695271050678883,0.0017953321364452424,NA,NA,NA,0.0,NA,NA,NA,0.0,,,,,,,,,,,,,NA,NA,NA,0.0,NA,NA,NA,0.0,NA,NA,NA,0.0,,,,,,,,,,,,
Leaves: contrast|arg1-as-detail,NA,NA,NA,0.0,NA,NA,NA,0.0,NA,NA,NA,0.0,,,,,,,,,,,,,NA,NA,NA,0.0,NA,NA,NA,0.0,NA,NA,NA,0.0,,,,,,,,,,,,
Leaves: contrast|arg2-as-detail,0.19835635322499404,-0.6827552127533866,-2.0897788256728247,0.005685407454200884,0.037677470616555735,NA,NA,0.0,0.11295765860298913,NA,NA,0.0,,,,,,,,,,,,,0.08829707607987058,-0.8874098724348308,-3.5443205162238103,0.003436426116838488,0.09658366333310961,NA,NA,0.0,NA,NA,NA,0.0,,,,,,,,,,,,
Leaves: contrast|arg2-as-subst,NA,0.4703759748574089,1.4005468009102569,0.005291005291005291,NA,NA,NA,0.0,NA,NA,NA,0.0,,,,,,,,,,,,,,,,,,,,,,,,,,,,,,,,,,,,
Leaves: similarity|conjunction,5.486839035242411,0.6959610310533794,1.0804935536433309,0.02578427159432746,4.112161529516589,0.6109615975422427,1.278984821029343,0.00888585099111415,NA,0.2898259320962831,0.7078746951924857,0.002242152466367713,,,,,,,,,,,,,NA,0.12751677852348994,0.19539568895843049,0.007575757575757576,NA,NA,NA,0.0,,,,,,,,,,,,,,,,
Leaves: similarity|disjunction,NA,NA,NA,0.0,NA,NA,NA,0.0,,,,,,,,,,,,,,,,,NA,NA,NA,0.0,NA,NA,NA,0.0,,,,,,,,,,,,,,,,
Leaves: similarity|arg2-as-instance,NA,-0.2334058874495467,-0.6470610805967971,0.006535947712418301,NA,NA,NA,0.0,NA,NA,NA,0.0,,,,,,,,,,,,,NA,NA,NA,0.0,NA,NA,NA,0.0,,,,,,,,,,,,,,,,
Leaves: similarity|arg1-as-detail,NA,0.07664944524434657,0.2161222297728289,0.006711409395973154,NA,NA,NA,0.0,NA,NA,NA,0.0,,,,,,,,,,,,,NA,NA,NA,0.0,NA,NA,NA,0.0,,,,,,,,,,,,,,,,
Leaves: similarity|arg2-as-detail,0.16014925202825292,-0.7571646599966084,-2.537237802644046,0.0020093770931011385,NA,NA,NA,0.0,NA,NA,NA,0.0,,,,,,,,,,,,,NA,-0.31746031746031744,-0.7369655941662064,0.00392156862745098,NA,NA,NA,0.0,,,,,,,,,,,,,,,,
Leaves: similarity|arg2-as-subst,NA,NA,NA,0.0,NA,NA,NA,0.0,NA,NA,NA,0.0,,,,,,,,,,,,,,,,,,,,,,,,,,,,,,,,,,,,
Leaves: conjunction|disjunction,NA,NA,1.495531052922175,0.00043346337234503684,NA,NA,NA,0.0,,,,,,,,,,,,,,,,,NA,-0.07565337001375516,-0.1265324059289318,0.005050505050505051,NA,0.13362445414847163,0.2688167584277998,0.00398406374501992,NA,NA,NA,0.0,,,,,,,,,,,,
Leaves: conjunction|arg2-as-instance,0.3105065977681738,-0.5286353223519145,-1.2239167799860018,0.022044849866970733,0.09897191162077656,-0.8321906514154791,-3.065311086886474,0.003590664272890485,0.11999265819299774,-0.824131829064209,-3.1556233049026523,0.0019723865877712033,,,,,,,,,,,,,NA,-0.08005822416302766,-0.1265324059289316,0.051643192488262914,NA,-0.5167630057803468,-1.3161457422933562,0.01098901098901099,NA,NA,NA,0.0,,,,,,,,,,,,
Leaves: conjunction|arg1-as-detail,0.15074388111163603,-0.7573035027452362,-2.3118238691354294,0.0021079258010118043,0.07697838974947409,NA,NA,0.0,NA,NA,NA,0.0,,,,,,,,,,,,,NA,0.03662321539416512,0.05789216520849569,0.012531328320802004,NA,0.13409290096406662,0.2688167584277998,0.007905138339920948,NA,NA,NA,0.0,,,,,,,,,,,,
Leaves: conjunction|arg2-as-detail,0.5505966791553237,-0.2902001536167713,-0.48022140083114795,0.10704727921498662,0.3020879377976041,-0.538131426016987,-1.3460474944537266,0.03272727272727273,0.018351454153463165,-0.9757907986213225,-6.017018066673145,0.0007352941176470588,,,,,,,,,,,,,NA,0.009376172021502687,0.010971117821003018,0.20637898686679174,NA,-0.09274563820018365,-0.16459927016589826,0.10597826086956522,0.18276299112801014,-0.7271985863803181,-2.311201688294304,0.012987012987012988,,,,,,,,,,,,
Leaves: conjunction|arg2-as-subst,0.06253222251279561,NA,NA,0.0,NA,NA,NA,0.0,NA,NA,NA,0.0,,,,,,,,,,,,,,,,,,,,,,,,,,,,,,,,,,,,
Leaves: disjunction|arg2-as-instance,NA,NA,NA,0.0,NA,NA,NA,0.0,,,,,,,,,,,,,,,,,NA,NA,NA,0.0,NA,NA,NA,0.0,NA,NA,NA,0.0,,,,,,,,,,,,
Leaves: disjunction|arg1-as-detail,NA,NA,NA,0.0,NA,NA,NA,0.0,,,,,,,,,,,,,,,,,NA,NA,NA,0.0,NA,NA,NA,0.0,NA,NA,NA,0.0,,,,,,,,,,,,
Leaves: disjunction|arg2-as-detail,NA,NA,NA,0.0,NA,NA,NA,0.0,,,,,,,,,,,,,,,,,NA,NA,NA,0.0,NA,NA,NA,0.0,NA,NA,NA,0.0,,,,,,,,,,,,
Leaves: disjunction|arg2-as-subst,NA,NA,NA,0.0,NA,NA,NA,0.0,,,,,,,,,,,,,,,,,,,,,,,,,,,,,,,,,,,,,,,,
Leaves: arg2-as-instance|arg1-as-detail,NA,-0.36179183135704873,-1.0393785033755576,0.0044444444444444444,NA,NA,NA,0.0,NA,NA,NA,0.0,,,,,,,,,,,,,NA,NA,NA,0.0,NA,NA,NA,0.0,NA,NA,NA,0.0,,,,,,,,,,,,
Leaves: arg2-as-instance|arg2-as-detail,1.7317268999249498,0.26696761922525136,0.541162200761006,0.07215265354800239,0.5721744943808488,-0.28414311140839493,-0.7384651078669862,0.016536964980544747,0.2400616784178428,-0.6764730074301538,-2.260907423240236,0.003305785123966942,,,,,,,,,,,,,NA,-0.06317987034391825,-0.12600788491210546,0.048109965635738834,NA,-0.46231721034870643,-1.2448870591235341,0.01092896174863388,NA,NA,NA,0.0,,,,,,,,,,,,
Leaves: arg2-as-instance|arg2-as-subst,NA,NA,NA,0.0,NA,NA,NA,0.0,NA,NA,NA,0.0,,,,,,,,,,,,,,,,,,,,,,,,,,,,,,,,,,,,
Leaves: arg1-as-detail|arg2-as-detail,NA,-0.25302636464909023,-0.6076271305354439,0.006775067750677507,NA,-0.5045269649652276,-1.4715783765375856,0.0011890606420927466,NA,NA,NA,0.0,,,,,,,,,,,,,NA,-0.2703471826977803,-0.6114347120823475,0.007722007722007722,NA,NA,NA,0.0,NA,NA,NA,0.0,,,,,,,,,,,,
Leaves: arg1-as-detail|arg2-as-subst,NA,NA,NA,0.0,NA,NA,NA,0.0,NA,NA,NA,0.0,,,,,,,,,,,,,,,,,,,,,,,,,,,,,,,,,,,,
Leaves: arg2-as-detail|arg2-as-subst,NA,-0.010039964908860513,-0.022664629814287598,0.002102312543798178,NA,0.07221750212404418,0.18049832004210783,0.0012106537530266344,NA,NA,NA,0.0,,,,,,,,,,,,,,,,,,,,,,,,,,,,,,,,,,,,
Level2: synchronous|asynchronous,,,,,,,,,,,,,2.4840641711229945,0.41488972828073595,1.0692808414435577,0.01859799713876967,NA,0.4717255297679112,1.31786780169951,0.007009345794392523,NA,NA,NA,0.0,,,,,,,,,,,,,NA,-0.2302439024390244,-0.6082835749557751,0.009009009009009009,NA,NA,NA,0.0,NA,NA,NA,0.0
Level2: synchronous|cause,,,,,,,,,,,,,0.409822473214368,-0.4277190127474912,-0.8673099883803811,0.005140507196710075,0.05643809270752276,NA,NA,0.0,NA,NA,NA,0.0,,,,,,,,,,,,,0.20527911539147495,-0.750974447812906,-2.2789759497028155,0.003076923076923077,NA,NA,NA,0.0,NA,NA,NA,0.0
Level2: synchronous|purpose,,,,,,,,,,,,,NA,NA,NA,0.0,,,,,,,,,,,,,,,,,,,,,NA,NA,NA,0.0,NA,NA,NA,0.0,,,,
Level2: synchronous|concession,,,,,,,,,,,,,0.07728039702233251,NA,NA,0.0,NA,NA,NA,0.0,NA,NA,NA,0.0,,,,,,,,,,,,,NA,NA,NA,0.0,NA,NA,NA,0.0,NA,NA,NA,0.0
Level2: synchronous|contrast,,,,,,,,,,,,,NA,NA,NA,0.0,NA,NA,NA,0.0,NA,NA,NA,0.0,,,,,,,,,,,,,NA,NA,NA,0.0,NA,NA,NA,0.0,NA,NA,NA,0.0
Level2: synchronous|similarity,,,,,,,,,,,,,NA,NA,NA,0.0,NA,NA,NA,0.0,NA,NA,NA,0.0,,,,,,,,,,,,,NA,NA,NA,0.0,NA,NA,NA,0.0,,,,
Level2: synchronous|conjunction,,,,,,,,,,,,,NA,0.03562438762971424,0.0648966985923126,0.00980392156862745,NA,-0.21081081081081082,-0.4994574091130224,0.0020435967302452314,NA,NA,NA,0.0,,,,,,,,,,,,,NA,-0.32357944879210615,-0.6119592330991734,0.009925558312655087,NA,NA,NA,0.0,NA,NA,NA,0.0
Level2: synchronous|disjunction,,,,,,,,,,,,,NA,NA,NA,0.0,NA,NA,NA,0.0,,,,,,,,,,,,,,,,,NA,NA,NA,0.0,NA,NA,NA,0.0,NA,NA,NA,0.0
Level2: synchronous|instantiation,,,,,,,,,,,,,0.12169056603773584,NA,NA,0.0,NA,NA,NA,0.0,NA,NA,NA,0.0,,,,,,,,,,,,,NA,NA,NA,0.0,NA,NA,NA,0.0,NA,NA,NA,0.0
Level2: synchronous|level-of-detail,,,,,,,,,,,,,0.21337988512219844,-0.6787791437049597,-2.0274870132711307,0.0022611644997173543,NA,NA,NA,0.0,NA,NA,NA,0.0,,,,,,,,,,,,,0.07116907867309868,NA,NA,0.0,NA,NA,NA,0.0,NA,NA,NA,0.0
Level2: synchronous|substitution,,,,,,,,,,,,,NA,NA,NA,0.0,NA,NA,NA,0.0,NA,NA,NA,0.0,,,,,,,,,,,,,,,,,,,,,,,,
Level2: asynchronous|cause,,,,,,,,,,,,,0.46628340686457787,-0.3646922651867465,-0.6407382254608279,0.05513934671860953,0.24397046949921425,-0.6109226963961971,-1.5773208896771012,0.017954070981210855,0.04434907944328376,-0.9266118903869143,-4.309443322029576,0.0018126888217522659,,,,,,,,,,,,,NA,-0.1835409721003685,-0.33144336959695114,0.07049608355091384,0.34705096104971855,-0.5070535611882097,-1.265132039598319,0.024475524475524476,0.045881229208524096,NA,NA,0.0
Level2: asynchronous|purpose,,,,,,,,,,,,,NA,NA,NA,0.0,,,,,,,,,,,,,,,,,,,,,NA,NA,NA,0.0,NA,NA,NA,0.0,,,,
Level2: asynchronous|concession,,,,,,,,,,,,,0.32410091470597274,-0.5181494573231263,-1.4559356869984406,0.017857142857142856,0.0957295546098722,-0.8573971051288752,-3.534867023862103,0.002577319587628866,0.15585710401263742,-0.8110458727118591,-3.1605799361150932,0.002053388090349076,,,,,,,,,,,,,NA,NA,NA,0.0,NA,NA,NA,0.0,NA,NA,NA,0.0
Level2: asynchronous|contrast,,,,,,,,,,,,,0.12551557153051013,-0.8169102599223295,-3.136394184947956,0.0024271844660194173,0.08040850493889168,NA,NA,0.0,NA,NA,NA,0.0,,,,,,,,,,,,,NA,-0.23623623623623624,-0.6082835749557751,0.021897810218978103,NA,-0.2832523199292974,-0.7758699552977482,0.011235955056179775,NA,NA,NA,0.0
Level2: asynchronous|similarity,,,,,,,,,,,,,0.05514630408524737,NA,NA,0.0,NA,NA,NA,0.0,NA,NA,NA,0.0,,,,,,,,,,,,,NA,NA,NA,0.0,NA,NA,NA,0.0,,,,
Level2: asynchronous|conjunction,,,,,,,,,,,,,0.4729563631413936,-0.3588867052087243,-0.7092135025948484,0.05007102272727273,0.2810151336655256,-0.5660188990271877,-1.5229929235738113,0.017467248908296942,0.07608037798607473,-0.8772997680134139,-3.6716641228649722,0.0025795356835769563,,,,,,,,,,,,,0.3416198242419444,-0.496682414140878,-0.9598825365194802,0.046908315565031986,0.1698766778388954,-0.7355371900826446,-2.2123099313088166,0.01282051282051282,0.05507224159736328,NA,NA,0.0
Level2: asynchronous|disjunction,,,,,,,,,,,,,NA,NA,NA,0.0,NA,NA,NA,0.0,,,,,,,,,,,,,,,,,NA,NA,NA,0.0,NA,NA,NA,0.0,NA,NA,NA,0.0
Level2: asynchronous|instantiation,,,,,,,,,,,,,0.11860356115587087,-0.8050008031268405,-2.988029668566255,0.0047984644913627635,0.030834154999014003,NA,NA,0.0,0.08043077776383817,NA,NA,0.0,,,,,,,,,,,,,0.15984724495362793,-0.8053709119914916,-2.950675772402853,0.005952380952380952,NA,NA,NA,0.0,NA,NA,NA,0.0
Level2: asynchronous|level-of-detail,,,,,,,,,,,,,0.10499601104793654,-0.8130464021519839,-2.71714689265898,0.01113490364025696,0.006047502047502047,NA,NA,0.0,0.01746982084970018,NA,NA,0.0,,,,,,,,,,,,,0.15102277673001596,-0.7515527950310559,-2.168499413341246,0.018421052631578946,0.08524893896632699,-0.8914601004694063,-3.703519111073064,0.004149377593360996,0.06147696191878813,NA,NA,0.0
Level2: asynchronous|substitution,,,,,,,,,,,,,NA,-0.1817354156453533,-0.484317488368263,0.0015082956259426848,NA,NA,NA,0.0,NA,NA,NA,0.0,,,,,,,,,,,,,,,,,,,,,,,,
Level2: cause|purpose,,,,,,,,,,,,,NA,NA,1.1799957263979761,0.00034831069313827936,,,,,,,,,,,,,,,,,,,,,NA,-0.22924901185770752,-0.4716210276452113,0.0031746031746031746,NA,NA,NA,0.0,,,,
Level2: cause|concession,,,,,,,,,,,,,0.3304559901785238,-0.5042277500839002,-0.9923198224693305,0.04010775217000898,0.14779882810720177,-0.7467052394728383,-2.2478224547588668,0.010135135135135136,0.043545324372203514,-0.9324971462458993,-4.453466460029131,0.0012642225031605564,,,,,,,,,,,,,0.24829177003090047,-0.6607142857142857,-1.7935491225325737,0.006060606060606061,NA,NA,NA,0.0,NA,NA,NA,0.0
Level2: cause|contrast,,,,,,,,,,,,,0.2353178345793081,-0.6234055851782118,-1.4720809701817175,0.009274594236502154,0.1130104246304222,-0.8164459115029458,-2.8089382135256553,0.001893939393939394,0.033181275649515216,NA,NA,0.0,,,,,,,,,,,,,0.10904355778215145,-0.8375815056312982,-2.8639384504239715,0.005681818181818182,0.06119956789253675,NA,NA,0.0,NA,NA,NA,0.0
Level2: cause|similarity,,,,,,,,,,,,,0.12686973899352025,-0.7869478074692627,-2.334577446431782,0.002377717391304348,0.14043813715552242,-0.8253610550449727,-2.902047617917136,0.0004880429477794046,NA,NA,NA,0.0,,,,,,,,,,,,,NA,-0.4546304957904584,-1.0565835283663676,0.0031545741324921135,NA,NA,NA,0.0,,,,
Level2: cause|conjunction,,,,,,,,,,,,,0.297467364529839,-0.5416699607687342,-0.765394369496221,0.13081458833806509,0.1478216599071905,-0.7432633670563588,-1.9260930918837877,0.035427210479309315,0.019335553052424057,-0.9654240599055836,-5.227585052612803,0.002215330084182543,,,,,,,,,,,,,0.20986424365419798,-0.6548061603823686,-1.0676387168753634,0.1015625,0.09766668125902903,-0.8286102276382089,-2.5069680846289346,0.023706896551724137,0.07480002442449778,-0.8864142538975501,-3.537710218102984,0.006944444444444444
Level2: cause|disjunction,,,,,,,,,,,,,NA,NA,NA,0.0,NA,NA,NA,0.0,,,,,,,,,,,,,,,,,NA,-0.3610503282275711,-0.7935491225325738,0.0031645569620253164,NA,NA,NA,0.0,NA,NA,NA,0.0
Level2: cause|instantiation,,,,,,,,,,,,,0.3111722729763441,-0.5269667930542725,-1.095447466126898,0.02573760200878845,0.13139754930084002,-0.774876225806386,-2.4621354499992636,0.0057958091841284,0.013478703809902914,NA,NA,0.0,,,,,,,,,,,,,0.3331962775653413,-0.5133232780291603,-1.161936528512596,0.02956989247311828,0.043640686024791986,NA,NA,0.0,NA,NA,NA,0.0
Level2: cause|level-of-detail,,,,,,,,,,,,,0.43309737283382843,-0.39581675153116547,-0.574786381088097,0.12441717791411043,0.21955725073128055,-0.6411165821575595,-1.5657220946523334,0.036444141689373294,0.06208564956125934,-0.8882232791430125,-3.602958334318132,0.005151983513652756,,,,,,,,,,,,,0.2638479571988243,-0.5850523168908819,-1.0615842094247339,0.0867992766726944,0.1178660473376823,-0.7995155948791459,-2.4576088830304794,0.020356234096692113,0.016235248092847362,NA,NA,0.0
Level2: cause|substitution,,,,,,,,,,,,,NA,-0.1746169083995537,-0.30543110077226576,0.001736111111111111,NA,-0.46182999458581486,-1.1244400392535843,0.0004921259842519685,NA,NA,NA,0.0,,,,,,,,,,,,,,,,,,,,,,,,
Level2: purpose|concession,,,,,,,,,,,,,NA,NA,NA,0.0,,,,,,,,,,,,,,,,,,,,,NA,NA,NA,0.0,NA,NA,NA,0.0,,,,
Level2: purpose|contrast,,,,,,,,,,,,,NA,NA,NA,0.0,,,,,,,,,,,,,,,,,,,,,NA,NA,NA,0.0,NA,NA,NA,0.0,,,,
Level2: purpose|similarity,,,,,,,,,,,,,NA,NA,NA,0.0,,,,,,,,,,,,,,,,,,,,,NA,NA,NA,0.0,NA,NA,NA,0.0,,,,
Level2: purpose|conjunction,,,,,,,,,,,,,NA,NA,NA,0.0,,,,,,,,,,,,,,,,,,,,,NA,NA,NA,0.0,NA,NA,NA,0.0,,,,
Level2: purpose|disjunction,,,,,,,,,,,,,NA,NA,NA,0.0,,,,,,,,,,,,,,,,,,,,,NA,NA,NA,0.0,NA,NA,NA,0.0,,,,
Level2: purpose|instantiation,,,,,,,,,,,,,NA,NA,NA,0.0,,,,,,,,,,,,,,,,,,,,,NA,NA,NA,0.0,NA,NA,NA,0.0,,,,
Level2: purpose|level-of-detail,,,,,,,,,,,,,NA,NA,NA,0.0,,,,,,,,,,,,,,,,,,,,,NA,-0.17391304347826086,-0.3611444912836419,0.003424657534246575,NA,NA,NA,0.0,,,,
Level2: purpose|substitution,,,,,,,,,,,,,NA,NA,NA,0.0,,,,,,,,,,,,,,,,,,,,,,,,,,,,,,,,
Level2: concession|contrast,,,,,,,,,,,,,2.352263893842538,0.39887435720937764,1.013891103001235,0.04417670682730924,NA,-0.006808301205807563,-0.018291498121197056,0.011086474501108648,NA,-0.2809765085214187,-0.807513329418827,0.0038314176245210726,,,,,,,,,,,,,10.371752479924421,0.8189655172413793,2.6844981742720706,0.10714285714285714,NA,NA,NA,0.0,NA,NA,NA,0.0
Level2: concession|similarity,,,,,,,,,,,,,0.18203560988572948,-0.7821882190089602,-2.8929994926072835,0.0014641288433382138,NA,NA,NA,0.0,NA,NA,NA,0.0,,,,,,,,,,,,,NA,NA,NA,0.0,NA,NA,NA,0.0,,,,
Level2: concession|conjunction,,,,,,,,,,,,,0.31669019834862505,-0.5204639413900373,-1.1579111856817477,0.03410301953818828,0.12470295310184024,-0.7852625437777977,-2.6517525165335436,0.007202216066481994,0.014731313736028246,NA,NA,0.0,,,,,,,,,,,,,0.25121638924455825,-0.6370370370370371,-1.5415699052077756,0.007317073170731708,NA,NA,NA,0.0,NA,NA,NA,0.0
Level2: concession|disjunction,,,,,,,,,,,,,NA,NA,NA,0.0,NA,NA,NA,0.0,,,,,,,,,,,,,,,,,NA,NA,NA,0.0,NA,NA,NA,0.0,NA,NA,NA,0.0
Level2: concession|instantiation,,,,,,,,,,,,,0.15286513431300686,-0.7522463447717683,-2.619104094141723,0.006030150753768844,0.1056928015164114,-0.8679255824347729,-3.6938565476232603,0.0016806722689075631,0.11044027410758275,NA,NA,0.0,,,,,,,,,,,,,NA,-0.24299065420560748,-0.6578940231750072,0.011111111111111112,NA,NA,NA,0.0,NA,NA,NA,0.0
Level2: concession|level-of-detail,,,,,,,,,,,,,0.26961890292284363,-0.5778245352135519,-1.478805428044593,0.025243578387953942,0.07704864846404727,-0.8688636125299578,-3.5165423656490225,0.00362844702467344,0.024010401920999926,NA,NA,0.0,,,,,,,,,,,,,0.27896592244418333,-0.6265743073047859,-1.6830725861710043,0.006514657980456026,NA,NA,NA,0.0,NA,NA,NA,0.0
Level2: concession|substitution,,,,,,,,,,,,,NA,NA,NA,0.0,NA,NA,NA,0.0,NA,NA,NA,0.0,,,,,,,,,,,,,,,,,,,,,,,,
Level2: contrast|similarity,,,,,,,,,,,,,NA,-0.37733499377334995,-1.1140263719195016,0.00392156862745098,NA,NA,NA,0.0,NA,NA,NA,0.0,,,,,,,,,,,,,NA,0.6124763705103969,1.8365012677171204,0.02127659574468085,NA,NA,NA,0.0,,,,
Level2: contrast|conjunction,,,,,,,,,,,,,0.2984720158762864,-0.5460531186274136,-1.3200443759403977,0.01017087062652563,0.17840859888942318,-0.7248123216709604,-2.3283454927202674,0.002600780234070221,0.05662296966644793,NA,NA,0.0,,,,,,,,,,,,,0.4547982155825293,-0.3868134441972128,-0.7374901151830325,0.025943396226415096,0.16887994634473508,-0.7932621199671323,-2.6697826969080567,0.0036900369003690036,NA,NA,NA,0.0
Level2: contrast|disjunction,,,,,,,,,,,,,NA,NA,NA,0.0,NA,NA,NA,0.0,,,,,,,,,,,,,,,,,NA,0.6777996070726916,2.0995356735509145,0.021739130434782608,NA,NA,NA,0.0,NA,NA,NA,0.0
Level2: contrast|instantiation,,,,,,,,,,,,,0.12790334227913042,-0.8422766605080217,-3.4250934741750974,0.0017482517482517483,NA,NA,NA,0.0,NA,NA,NA,0.0,,,,,,,,,,,,,NA,NA,NA,0.0,NA,NA,NA,0.0,NA,NA,NA,0.0
Level2: contrast|level-of-detail,,,,,,,,,,,,,0.20703836547670465,-0.6675005086835271,-1.947759820800397,0.0064,0.029312989533984007,NA,NA,0.0,0.09215220442374489,NA,NA,0.0,,,,,,,,,,,,,0.17706055183687897,-0.7333333333333333,-2.168499413341246,0.009146341463414634,0.08516700006061709,NA,NA,0.0,NA,NA,NA,0.0
Level2: contrast|substitution,,,,,,,,,,,,,NA,0.4703759748574089,1.4005468009102569,0.005291005291005291,NA,NA,NA,0.0,NA,NA,NA,0.0,,,,,,,,,,,,,,,,,,,,,,,,
Level2: similarity|conjunction,,,,,,,,,,,,,5.486839035242411,0.6959610310533794,1.0804935536433309,0.02578427159432746,4.112161529516589,0.6109615975422427,1.278984821029343,0.00888585099111415,NA,0.2898259320962831,0.7078746951924857,0.002242152466367713,,,,,,,,,,,,,NA,0.12751677852348994,0.19539568895843049,0.007575757575757576,NA,NA,NA,0.0,,,,
Level2: similarity|disjunction,,,,,,,,,,,,,NA,NA,NA,0.0,NA,NA,NA,0.0,,,,,,,,,,,,,,,,,NA,NA,NA,0.0,NA,NA,NA,0.0,,,,
Level2: similarity|instantiation,,,,,,,,,,,,,NA,-0.2528339286820425,-0.7026274497040064,0.006329113924050633,NA,NA,NA,0.0,NA,NA,NA,0.0,,,,,,,,,,,,,NA,NA,NA,0.0,NA,NA,NA,0.0,,,,
Level2: similarity|level-of-detail,,,,,,,,,,,,,0.16255275170097322,-0.7460095286802508,-2.395218797771618,0.002238388360380526,0.10960236674522389,NA,NA,0.0,NA,NA,NA,0.0,,,,,,,,,,,,,NA,0.0279424216765453,0.05389300799520195,0.006825938566552901,NA,NA,2.362570079384708,0.005714285714285714,,,,
Level2: similarity|substitution,,,,,,,,,,,,,NA,NA,NA,0.0,NA,NA,NA,0.0,NA,NA,NA,0.0,,,,,,,,,,,,,,,,,,,,,,,,
Level2: conjunction|disjunction,,,,,,,,,,,,,NA,NA,1.495531052922175,0.00043346337234503684,NA,NA,NA,0.0,,,,,,,,,,,,,,,,,NA,-0.07565337001375516,-0.1265324059289318,0.005050505050505051,NA,0.13362445414847163,0.2688167584277998,0.00398406374501992,NA,NA,NA,0.0
Level2: conjunction|instantiation,,,,,,,,,,,,,0.3142332351893601,-0.5241911540457951,-1.2067268066578964,0.0230798335225123,0.09666755712467773,-0.8357846054443745,-3.097019946613812,0.003579952267303103,0.11721177563507064,-0.8278706520716369,-3.188289493822974,0.0019665683382497543,,,,,,,,,,,,,NA,-0.22206954867350173,-0.3693889298250951,0.05454545454545454,0.2996183862206484,-0.5853333333333334,-1.5612582401298876,0.01079136690647482,NA,NA,NA,0.0
Level2: conjunction|level-of-detail,,,,,,,,,,,,,0.5240978114293675,-0.3125557197197657,-0.4935489324781403,0.12015611931976582,0.2878005665445415,-0.5547277782276567,-1.3671647416107957,0.036959260814783707,0.014925755639481272,-0.9802689320710976,-6.287107230040889,0.0006858710562414266,,,,,,,,,,,,,NA,0.02899900003448157,0.0316972618810061,0.2332730560578662,NA,-0.043327556325823226,-0.07386989662635984,0.12169312169312169,0.14421623685508375,-0.7785510553337136,-2.5980828360824653,0.011857707509881422
Level2: conjunction|substitution,,,,,,,,,,,,,0.06253222251279561,NA,NA,0.0,NA,NA,NA,0.0,NA,NA,NA,0.0,,,,,,,,,,,,,,,,,,,,,,,,
Level2: disjunction|instantiation,,,,,,,,,,,,,NA,NA,NA,0.0,NA,NA,NA,0.0,,,,,,,,,,,,,,,,,NA,NA,NA,0.0,NA,NA,NA,0.0,NA,NA,NA,0.0
Level2: disjunction|level-of-detail,,,,,,,,,,,,,NA,NA,NA,0.0,NA,NA,NA,0.0,,,,,,,,,,,,,,,,,NA,NA,NA,0.0,NA,NA,NA,0.0,NA,NA,NA,0.0
Level2: disjunction|substitution,,,,,,,,,,,,,NA,NA,NA,0.0,NA,NA,NA,0.0,,,,,,,,,,,,,,,,,,,,,,,,,,,,
Level2: instantiation|level-of-detail,,,,,,,,,,,,,1.5384055402184422,0.21139680441176614,0.40223855675095554,0.0700507614213198,0.51534656117729,-0.32962880640142256,-0.8463325783093553,0.016299918500407497,0.191134547252204,-0.7336915340635117,-2.5636627755283024,0.0028328611898017,,,,,,,,,,,,,0.5551686896529491,-0.2965482276395285,-0.6040010151798052,0.043478260869565216,NA,-0.5775075987841946,-1.6374299206152918,0.00975609756097561,NA,NA,NA,0.0
Level2: instantiation|substitution,,,,,,,,,,,,,NA,NA,NA,0.0,NA,NA,NA,0.0,NA,NA,NA,0.0,,,,,,,,,,,,,,,,,,,,,,,,
Level2: level-of-detail|substitution,,,,,,,,,,,,,NA,-0.13395901861966986,-0.29568312422070336,0.0017421602787456446,NA,-0.053031611677319054,-0.13012554430994608,0.0009775171065493646,NA,NA,NA,0.0,,,,,,,,,,,,,,,,,,,,,,,,
Leaves: synchronous|arg2-as-goal,,,,,,,,,,,,,,,,,,,,,,,,,NA,NA,NA,0.0,NA,NA,NA,0.0,,,,,,,,,,,,,,,,
Leaves: synchronous|arg1-as-instance,,,,,,,,,,,,,,,,,,,,,,,,,NA,NA,NA,0.0,NA,NA,NA,0.0,NA,NA,NA,0.0,,,,,,,,,,,,
Leaves: synchronous|arg2-as-manner,,,,,,,,,,,,,,,,,,,,,,,,,NA,NA,NA,0.0,NA,NA,NA,0.0,NA,NA,NA,0.0,,,,,,,,,,,,
Leaves: precedence|arg2-as-goal,,,,,,,,,,,,,,,,,,,,,,,,,NA,NA,NA,0.0,NA,NA,NA,0.0,,,,,,,,,,,,,,,,
Leaves: precedence|arg1-as-instance,,,,,,,,,,,,,,,,,,,,,,,,,NA,NA,NA,0.0,NA,NA,NA,0.0,NA,NA,NA,0.0,,,,,,,,,,,,
Leaves: precedence|arg2-as-manner,,,,,,,,,,,,,,,,,,,,,,,,,NA,NA,NA,0.0,NA,NA,NA,0.0,NA,NA,NA,0.0,,,,,,,,,,,,
Leaves: succession|arg2-as-goal,,,,,,,,,,,,,,,,,,,,,,,,,NA,NA,NA,0.0,NA,NA,NA,0.0,,,,,,,,,,,,,,,,
Leaves: succession|arg1-as-instance,,,,,,,,,,,,,,,,,,,,,,,,,NA,NA,NA,0.0,NA,NA,NA,0.0,NA,NA,NA,0.0,,,,,,,,,,,,
Leaves: succession|arg2-as-manner,,,,,,,,,,,,,,,,,,,,,,,,,NA,NA,NA,0.0,NA,NA,NA,0.0,NA,NA,NA,0.0,,,,,,,,,,,,
Leaves: reason|arg2-as-goal,,,,,,,,,,,,,,,,,,,,,,,,,NA,NA,NA,0.0,NA,NA,NA,0.0,,,,,,,,,,,,,,,,
Leaves: reason|arg1-as-instance,,,,,,,,,,,,,,,,,,,,,,,,,NA,NA,NA,0.0,NA,NA,NA,0.0,NA,NA,NA,0.0,,,,,,,,,,,,
Leaves: reason|arg2-as-manner,,,,,,,,,,,,,,,,,,,,,,,,,NA,NA,NA,0.0,NA,NA,NA,0.0,NA,NA,NA,0.0,,,,,,,,,,,,
Leaves: result|arg2-as-goal,,,,,,,,,,,,,,,,,,,,,,,,,NA,NA,NA,0.0,NA,NA,NA,0.0,,,,,,,,,,,,,,,,
Leaves: result|arg1-as-instance,,,,,,,,,,,,,,,,,,,,,,,,,NA,0.05065123010130246,0.11681366498274987,0.011494252873563218,NA,NA,NA,0.0,NA,NA,NA,0.0,,,,,,,,,,,,
Leaves: result|arg2-as-manner,,,,,,,,,,,,,,,,,,,,,,,,,NA,NA,NA,0.0,NA,NA,NA,0.0,NA,NA,NA,0.0,,,,,,,,,,,,
Leaves: arg1-as-goal|arg2-as-goal,,,,,,,,,,,,,,,,,,,,,,,,,NA,NA,NA,0.0,,,,,,,,,,,,,,,,,,,,
Leaves: arg1-as-goal|arg1-as-instance,,,,,,,,,,,,,,,,,,,,,,,,,NA,NA,NA,0.0,,,,,,,,,,,,,,,,,,,,
Leaves: arg1-as-goal|arg2-as-manner,,,,,,,,,,,,,,,,,,,,,,,,,NA,NA,NA,0.0,,,,,,,,,,,,,,,,,,,,
Leaves: arg2-as-goal|arg1-as-denier,,,,,,,,,,,,,,,,,,,,,,,,,NA,NA,NA,0.0,NA,NA,NA,0.0,,,,,,,,,,,,,,,,
Leaves: arg2-as-goal|arg2-as-denier,,,,,,,,,,,,,,,,,,,,,,,,,NA,NA,NA,0.0,NA,NA,NA,0.0,,,,,,,,,,,,,,,,
Leaves: arg2-as-goal|contrast,,,,,,,,,,,,,,,,,,,,,,,,,NA,NA,NA,0.0,NA,NA,NA,0.0,,,,,,,,,,,,,,,,
Leaves: arg2-as-goal|similarity,,,,,,,,,,,,,,,,,,,,,,,,,NA,NA,NA,0.0,NA,NA,NA,0.0,,,,,,,,,,,,,,,,
Leaves: arg2-as-goal|conjunction,,,,,,,,,,,,,,,,,,,,,,,,,NA,NA,NA,0.0,NA,NA,NA,0.0,,,,,,,,,,,,,,,,
Leaves: arg2-as-goal|disjunction,,,,,,,,,,,,,,,,,,,,,,,,,NA,NA,NA,0.0,NA,NA,NA,0.0,,,,,,,,,,,,,,,,
Leaves: arg2-as-goal|arg1-as-instance,,,,,,,,,,,,,,,,,,,,,,,,,NA,NA,NA,0.0,NA,NA,NA,0.0,,,,,,,,,,,,,,,,
Leaves: arg2-as-goal|arg2-as-instance,,,,,,,,,,,,,,,,,,,,,,,,,NA,NA,NA,0.0,NA,NA,NA,0.0,,,,,,,,,,,,,,,,
Leaves: arg2-as-goal|arg1-as-detail,,,,,,,,,,,,,,,,,,,,,,,,,NA,NA,NA,0.0,NA,NA,NA,0.0,,,,,,,,,,,,,,,,
Leaves: arg2-as-goal|arg2-as-detail,,,,,,,,,,,,,,,,,,,,,,,,,NA,0.13089005235602094,0.2630344058337935,0.003968253968253968,NA,NA,NA,0.0,,,,,,,,,,,,,,,,
Leaves: arg2-as-goal|arg2-as-manner,,,,,,,,,,,,,,,,,,,,,,,,,NA,NA,NA,0.0,NA,NA,NA,0.0,,,,,,,,,,,,,,,,
Leaves: arg1-as-denier|arg1-as-instance,,,,,,,,,,,,,,,,,,,,,,,,,NA,NA,NA,0.0,NA,NA,NA,0.0,NA,NA,NA,0.0,,,,,,,,,,,,
Leaves: arg1-as-denier|arg2-as-manner,,,,,,,,,,,,,,,,,,,,,,,,,NA,NA,NA,0.0,NA,NA,NA,0.0,NA,NA,NA,0.0,,,,,,,,,,,,
Leaves: arg2-as-denier|arg1-as-instance,,,,,,,,,,,,,,,,,,,,,,,,,NA,NA,NA,0.0,NA,NA,NA,0.0,NA,NA,NA,0.0,,,,,,,,,,,,
Leaves: arg2-as-denier|arg2-as-manner,,,,,,,,,,,,,,,,,,,,,,,,,NA,NA,NA,0.0,NA,NA,NA,0.0,NA,NA,NA,0.0,,,,,,,,,,,,
Leaves: contrast|arg1-as-instance,,,,,,,,,,,,,,,,,,,,,,,,,NA,NA,NA,0.0,NA,NA,NA,0.0,NA,NA,NA,0.0,,,,,,,,,,,,
Leaves: contrast|arg2-as-manner,,,,,,,,,,,,,,,,,,,,,,,,,NA,NA,NA,0.0,NA,NA,NA,0.0,NA,NA,NA,0.0,,,,,,,,,,,,
Leaves: similarity|arg1-as-instance,,,,,,,,,,,,,,,,,,,,,,,,,NA,NA,NA,0.0,NA,NA,NA,0.0,,,,,,,,,,,,,,,,
Leaves: similarity|arg2-as-manner,,,,,,,,,,,,,,,,,,,,,,,,,NA,NA,NA,0.0,NA,NA,NA,0.0,,,,,,,,,,,,,,,,
Leaves: conjunction|arg1-as-instance,,,,,,,,,,,,,,,,,,,,,,,,,0.20053637277908146,-0.7526080476900149,-2.126532405928932,0.0024875621890547263,NA,NA,NA,0.0,NA,NA,NA,0.0,,,,,,,,,,,,
Leaves: conjunction|arg2-as-manner,,,,,,,,,,,,,,,,,,,,,,,,,NA,NA,NA,0.0,NA,NA,NA,0.0,NA,NA,NA,0.0,,,,,,,,,,,,
Leaves: disjunction|arg1-as-instance,,,,,,,,,,,,,,,,,,,,,,,,,NA,NA,NA,0.0,NA,NA,NA,0.0,NA,NA,NA,0.0,,,,,,,,,,,,
Leaves: disjunction|arg2-as-manner,,,,,,,,,,,,,,,,,,,,,,,,,NA,NA,NA,0.0,NA,NA,NA,0.0,NA,NA,NA,0.0,,,,,,,,,,,,
Leaves: arg1-as-instance|arg2-as-instance,,,,,,,,,,,,,,,,,,,,,,,,,NA,NA,NA,0.0,NA,NA,NA,0.0,NA,NA,NA,0.0,,,,,,,,,,,,
Leaves: arg1-as-instance|arg1-as-detail,,,,,,,,,,,,,,,,,,,,,,,,,NA,NA,NA,0.0,NA,NA,NA,0.0,NA,NA,NA,0.0,,,,,,,,,,,,
Leaves: arg1-as-instance|arg2-as-detail,,,,,,,,,,,,,,,,,,,,,,,,,NA,-0.5551700208188758,-1.4739311883324124,0.003861003861003861,NA,NA,NA,0.0,NA,NA,NA,0.0,,,,,,,,,,,,
Leaves: arg1-as-instance|arg2-as-manner,,,,,,,,,,,,,,,,,,,,,,,,,NA,NA,NA,0.0,NA,NA,NA,0.0,NA,NA,NA,0.0,,,,,,,,,,,,
Leaves: arg2-as-instance|arg2-as-manner,,,,,,,,,,,,,,,,,,,,,,,,,NA,NA,NA,0.0,NA,NA,NA,0.0,NA,NA,NA,0.0,,,,,,,,,,,,
Leaves: arg1-as-detail|arg2-as-manner,,,,,,,,,,,,,,,,,,,,,,,,,NA,NA,NA,0.0,NA,NA,NA,0.0,NA,NA,NA,0.0,,,,,,,,,,,,
Leaves: arg2-as-detail|arg2-as-manner,,,,,,,,,,,,,,,,,,,,,,,,,NA,NA,NA,0.0,NA,NA,NA,0.0,NA,NA,NA,0.0,,,,,,,,,,,,
Level2: synchronous|condition,,,,,,,,,,,,,,,,,,,,,,,,,,,,,,,,,,,,,NA,NA,NA,0.0,,,,,,,,
Level2: synchronous|manner,,,,,,,,,,,,,,,,,,,,,,,,,,,,,,,,,,,,,NA,NA,NA,0.0,NA,NA,NA,0.0,NA,NA,NA,0.0
Level2: asynchronous|condition,,,,,,,,,,,,,,,,,,,,,,,,,,,,,,,,,,,,,NA,NA,NA,0.0,,,,,,,,
Level2: asynchronous|manner,,,,,,,,,,,,,,,,,,,,,,,,,,,,,,,,,,,,,NA,NA,NA,0.0,NA,NA,NA,0.0,NA,NA,NA,0.0
Level2: cause|condition,,,,,,,,,,,,,,,,,,,,,,,,,,,,,,,,,,,,,NA,NA,NA,0.0,,,,,,,,
Level2: cause|manner,,,,,,,,,,,,,,,,,,,,,,,,,,,,,,,,,,,,,NA,NA,NA,0.0,NA,NA,NA,0.0,NA,NA,NA,0.0
Level2: condition|purpose,,,,,,,,,,,,,,,,,,,,,,,,,,,,,,,,,,,,,NA,NA,NA,0.0,,,,,,,,
Level2: condition|concession,,,,,,,,,,,,,,,,,,,,,,,,,,,,,,,,,,,,,NA,NA,NA,0.0,,,,,,,,
Level2: condition|contrast,,,,,,,,,,,,,,,,,,,,,,,,,,,,,,,,,,,,,NA,NA,NA,0.0,,,,,,,,
Level2: condition|similarity,,,,,,,,,,,,,,,,,,,,,,,,,,,,,,,,,,,,,NA,NA,NA,0.0,,,,,,,,
Level2: condition|conjunction,,,,,,,,,,,,,,,,,,,,,,,,,,,,,,,,,,,,,NA,NA,1.1953956889584305,0.002544529262086514,,,,,,,,
Level2: condition|disjunction,,,,,,,,,,,,,,,,,,,,,,,,,,,,,,,,,,,,,NA,NA,NA,0.0,,,,,,,,
Level2: condition|instantiation,,,,,,,,,,,,,,,,,,,,,,,,,,,,,,,,,,,,,NA,NA,NA,0.0,,,,,,,,
Level2: condition|level-of-detail,,,,,,,,,,,,,,,,,,,,,,,,,,,,,,,,,,,,,NA,NA,NA,0.0,,,,,,,,
Level2: condition|manner,,,,,,,,,,,,,,,,,,,,,,,,,,,,,,,,,,,,,NA,NA,NA,0.0,,,,,,,,
Level2: purpose|manner,,,,,,,,,,,,,,,,,,,,,,,,,,,,,,,,,,,,,NA,NA,NA,0.0,NA,NA,NA,0.0,,,,
Level2: concession|manner,,,,,,,,,,,,,,,,,,,,,,,,,,,,,,,,,,,,,NA,NA,NA,0.0,NA,NA,NA,0.0,NA,NA,NA,0.0
Level2: contrast|manner,,,,,,,,,,,,,,,,,,,,,,,,,,,,,,,,,,,,,NA,NA,NA,0.0,NA,NA,NA,0.0,NA,NA,NA,0.0
Level2: similarity|manner,,,,,,,,,,,,,,,,,,,,,,,,,,,,,,,,,,,,,NA,NA,NA,0.0,NA,NA,NA,0.0,,,,
Level2: conjunction|manner,,,,,,,,,,,,,,,,,,,,,,,,,,,,,,,,,,,,,NA,NA,NA,0.0,NA,NA,NA,0.0,NA,NA,NA,0.0
Level2: disjunction|manner,,,,,,,,,,,,,,,,,,,,,,,,,,,,,,,,,,,,,NA,NA,NA,0.0,NA,NA,NA,0.0,NA,NA,NA,0.0
Level2: instantiation|manner,,,,,,,,,,,,,,,,,,,,,,,,,,,,,,,,,,,,,NA,NA,NA,0.0,NA,NA,NA,0.0,NA,NA,NA,0.0
Level2: level-of-detail|manner,,,,,,,,,,,,,,,,,,,,,,,,,,,,,,,,,,,,,NA,NA,NA,0.0,NA,NA,NA,0.0,NA,NA,NA,0.0
