,temporal,contingency,comparision,expansion
0,-2.878231366242557,-2.878231366242557,-2.878231366242557,8.634694098727671
1,-2.878231366242557,-2.878231366242557,-2.878231366242557,8.634694098727671
2,-2.878231366242557,-2.878231366242557,-2.878231366242557,8.634694098727671
3,-5.154476330322146,-5.154476330322146,4.055864041654036,6.253088618990256
4,-7.803635013596165,2.5053176470481278,2.5053176470481278,2.7929997194999086
5,-2.878231366242557,-2.878231366242557,-2.878231366242557,8.634694098727671
6,-5.154476330322146,4.055864041654036,-5.154476330322146,6.253088618990256
7,-2.878231366242557,-2.878231366242557,-2.878231366242557,8.634694098727671
8,-2.878231366242557,-2.878231366242557,-2.878231366242557,8.634694098727671
9,-5.298317366548037,4.605170185988091,-5.298317366548037,5.991464547107982
10,-2.878231366242557,-2.878231366242557,-2.878231366242557,8.634694098727671
11,-5.154476330322146,4.055864041654036,-5.154476330322146,6.253088618990256
12,5.196951089520995,-5.399683643575078,-5.399683643575078,5.60241619762916
13,0.30409883108112357,0.5917809035329044,-0.7945134575869862,-0.10136627702704092
14,-7.630348218456178,2.678604442188114,3.3717516227480595,1.5799921535200045
15,1.7827247075740869,3.8621662492539226,-7.427615664402096,1.7827247075740869
16,-0.05578588782855254,0.8605048440456025,-0.05578588782855254,-0.7489330683884978
17,-0.6212266624470002,1.1705328067810548,0.07192051811294509,-0.6212266624470002
18,1.6428207605902312,3.588730909645544,-7.5675196113859515,2.3359679411501766
19,1.7827247075740869,1.7827247075740869,-7.427615664402096,3.8621662492539226
20,4.055864041654036,-5.154476330322146,-5.154476330322146,6.253088618990256
21,1.7827247075740869,1.7827247075740869,-7.427615664402096,3.8621662492539226
22,1.7827247075740869,3.8621662492539226,1.7827247075740869,-7.427615664402096
23,4.605170185988091,5.991464547107982,-5.298317366548037,-5.298317366548037
24,2.678604442188114,3.3717516227480595,-7.630348218456178,1.5799921535200045
25,0.30409883108112357,0.5917809035329044,-0.7945134575869862,-0.10136627702704092
26,2.9399463857254386,1.553652024605548,-7.656688347370634,3.1630899370396484
27,-5.3663007954189474,-5.3663007954189474,4.942651865225345,5.789949725612549
28,-5.154476330322146,-5.154476330322146,4.055864041654036,6.253088618990256
29,-5.4098891422051425,5.409889142205141,-5.4098891422051425,5.409889142205141
30,-7.567519611385952,2.3359679411501757,1.6428207605902305,3.5887309096455438
31,-5.154476330322146,4.055864041654036,-5.154476330322146,6.253088618990256
32,-0.6931471805599453,-0.6931471805599453,0.6931471805599453,0.6931471805599453
33,-2.878231366242557,-2.878231366242557,-2.878231366242557,8.634694098727671
34,1.6428207605902305,2.3359679411501757,-7.567519611385952,3.5887309096455438
35,-7.5675196113859515,3.588730909645544,1.6428207605902312,2.3359679411501766
36,-5.298317366548037,4.605170185988091,-5.298317366548037,5.991464547107982
37,1.7827247075740869,-7.427615664402096,1.7827247075740869,3.8621662492539226
38,-5.3663007954189474,4.942651865225345,-5.3663007954189474,5.789949725612549
39,-7.774189254682069,2.822445478414004,2.1292982978540587,2.822445478414004
40,4.055864041654036,-5.154476330322146,-5.154476330322146,6.253088618990256
41,1.5536520246055476,-7.656688347370635,3.163089937039648,2.939946385725438
42,2.6066839240751687,-7.702268736569124,2.201218815967004,2.8943659965269495
43,-0.8239592165010822,0.2746530721670275,0.27465307216702733,0.2746530721670275
44,-5.154476330322146,-5.154476330322146,4.055864041654036,6.253088618990256
45,-7.656688347370635,1.5536520246055476,3.163089937039648,2.939946385725438
46,-5.298317366548037,-5.298317366548037,4.605170185988091,5.991464547107982
47,-5.298317366548037,4.605170185988091,-5.298317366548037,5.991464547107982
48,3.163089937039648,-7.656688347370635,1.5536520246055476,2.939946385725438
49,0.20273255405408247,-0.20273255405408205,0.20273255405408247,-0.20273255405408205
50,-5.12503057140805,4.085309800568132,-5.12503057140805,6.1647513422479685
51,-7.567519611385952,1.6428207605902305,3.5887309096455438,2.3359679411501757
52,1.7827247075740869,-7.427615664402096,1.7827247075740869,3.8621662492539226
53,-0.6212266624470002,-0.6212266624470002,0.07192051811294509,1.170532806781055
54,-5.4098891422051425,5.409889142205141,-5.4098891422051425,5.409889142205141
55,-7.656688347370635,3.163089937039648,1.5536520246055476,2.939946385725438
56,-2.878231366242557,-2.878231366242557,-2.878231366242557,8.634694098727671
57,1.7827247075740869,-7.427615664402096,1.7827247075740869,3.8621662492539226
58,-5.4098891422051425,5.409889142205141,-5.4098891422051425,5.409889142205141
59,4.942651865225345,-5.3663007954189474,-5.3663007954189474,5.789949725612549
60,-5.3663007954189474,-5.3663007954189474,4.942651865225345,5.789949725612549
61,-7.630348218456178,2.678604442188114,1.5799921535200045,3.3717516227480595
62,-5.399683643575077,-5.399683643575077,5.196951089520996,5.602416197629161
63,-2.878231366242557,-2.878231366242557,-2.878231366242557,8.634694098727671
64,-2.878231366242557,-2.878231366242557,-2.878231366242557,8.634694098727671
65,-0.6212266624470002,0.07192051811294509,-0.6212266624470002,1.1705328067810548
66,2.201218815967004,-7.702268736569124,2.201218815967004,3.2998311046351136
67,-5.154476330322146,-5.154476330322146,4.055864041654036,6.253088618990256
68,1.7827247075740869,1.7827247075740869,-7.427615664402096,3.8621662492539226
69,3.588730909645544,2.3359679411501766,-7.5675196113859515,1.6428207605902312
70,5.602416197629161,-5.399683643575077,-5.399683643575077,5.196951089520996
71,4.055864041654036,-5.154476330322146,-5.154476330322146,6.253088618990256
72,2.5508980362466165,-7.758054624397676,2.1454329281384523,3.061723660012607
73,2.822445478414004,-7.774189254682069,2.1292982978540587,2.822445478414004
74,0.3040988310811233,-0.7945134575869864,-0.10136627702704117,0.5917809035329041
75,5.602416197629161,-5.399683643575077,-5.399683643575077,5.196951089520996
76,-7.630348218456178,1.5799921535200045,2.678604442188114,3.3717516227480595
77,1.8161075557302173,-7.394232816245966,3.7620177047855305,1.8161075557302173
78,1.7827247075740869,-7.427615664402096,3.8621662492539226,1.7827247075740869
79,-5.298317366548037,4.605170185988091,-5.298317366548037,5.991464547107982
80,2.302585092994046,2.995732273553991,-7.600902459542082,2.302585092994046
81,2.8943659965269495,2.6066839240751687,-7.702268736569124,2.201218815967004
82,0.6931471805599451,0.6931471805599451,-0.6931471805599455,-0.6931471805599455
83,2.550898036246617,2.1454329281384523,-7.758054624397675,3.0617236600126074
84,1.170532806781055,-0.6212266624469998,-0.6212266624469998,0.0719205181129455
85,2.5508980362466165,-7.758054624397676,2.1454329281384523,3.061723660012607
86,0.27465307216702733,0.27465307216702733,-0.8239592165010822,0.2746530721670275
87,-5.298317366548037,4.605170185988091,-5.298317366548037,5.991464547107982
88,1.6428207605902305,-7.567519611385952,3.5887309096455438,2.3359679411501757
89,-5.4098891422051425,-5.4098891422051425,5.409889142205141,5.409889142205141
90,-7.427615664402096,1.7827247075740869,1.7827247075740869,3.8621662492539226
91,2.1454329281384523,3.061723660012607,-7.758054624397676,2.5508980362466165
92,1.6428207605902312,3.588730909645544,-7.5675196113859515,2.3359679411501766
93,-2.878231366242557,-2.878231366242557,-2.878231366242557,8.634694098727671
94,-2.878231366242557,-2.878231366242557,-2.878231366242557,8.634694098727671
95,-5.154476330322146,4.055864041654036,-5.154476330322146,6.253088618990256
96,2.7929997194999086,-7.803635013596165,2.5053176470481278,2.5053176470481278
97,4.055864041654036,-5.154476330322146,-5.154476330322146,6.253088618990256
98,-7.567519611385952,2.3359679411501757,1.6428207605902305,3.5887309096455438
99,-7.567519611385952,1.6428207605902305,2.3359679411501757,3.5887309096455438
100,-5.298317366548037,4.605170185988091,-5.298317366548037,5.991464547107982
101,-5.298317366548037,4.605170185988091,-5.298317366548037,5.991464547107982
102,-7.567519611385952,2.3359679411501757,1.6428207605902305,3.5887309096455438
103,-0.6770125502755525,0.9324253621585478,-0.6770125502755525,0.42159973839255716
104,-5.4098891422051425,5.409889142205141,-5.4098891422051425,5.409889142205141
105,-0.6770125502755525,0.42159973839255716,-0.6770125502755525,0.9324253621585478
106,-5.399683643575079,5.1969510895209945,-5.399683643575079,5.602416197629159
107,-5.399683643575077,5.602416197629161,-5.399683643575077,5.196951089520996
108,-5.298317366548037,4.605170185988091,-5.298317366548037,5.991464547107982
109,-7.758054624397676,2.5508980362466165,2.1454329281384523,3.061723660012607
110,-5.298317366548037,4.605170185988091,-5.298317366548037,5.991464547107982
111,-2.878231366242557,-2.878231366242557,-2.878231366242557,8.634694098727671
112,-0.7945134575869864,-0.10136627702704117,0.3040988310811233,0.5917809035329041
113,-5.3663007954189474,-5.3663007954189474,5.789949725612549,4.942651865225345
114,-2.878231366242557,-2.878231366242557,-2.878231366242557,8.634694098727671
115,1.5799921535200045,2.678604442188114,-7.630348218456178,3.3717516227480595
116,-5.154476330322146,4.055864041654036,-5.154476330322146,6.253088618990256
117,-5.399683643575077,-5.399683643575077,5.196951089520996,5.602416197629161
118,-0.7489330683884978,-0.05578588782855254,-0.05578588782855254,0.8605048440456025
119,4.055864041654036,-5.154476330322146,-5.154476330322146,6.253088618990256
120,-2.878231366242557,-2.878231366242557,-2.878231366242557,8.634694098727671
121,4.055864041654036,-5.154476330322146,-5.154476330322146,6.253088618990256
122,-2.878231366242557,-2.878231366242557,-2.878231366242557,8.634694098727671
123,4.942651865225345,-5.3663007954189474,-5.3663007954189474,5.789949725612549
124,-2.878231366242557,-2.878231366242557,-2.878231366242557,8.634694098727671
125,-5.154476330322146,4.055864041654036,-5.154476330322146,6.253088618990256
126,-2.878231366242557,-2.878231366242557,-2.878231366242557,8.634694098727671
127,1.7827247075740869,1.7827247075740869,-7.427615664402096,3.8621662492539226
128,-2.878231366242557,-2.878231366242557,-2.878231366242557,8.634694098727671
129,-5.298317366548037,4.605170185988091,-5.298317366548037,5.991464547107982
130,2.5508980362466165,-7.758054624397676,3.061723660012607,2.1454329281384523
131,1.6428207605902305,2.3359679411501757,-7.567519611385952,3.5887309096455438
132,5.602416197629161,-5.399683643575077,-5.399683643575077,5.196951089520996
133,-5.154476330322146,4.055864041654036,-5.154476330322146,6.253088618990256
134,2.9399463857254386,1.553652024605548,-7.656688347370634,3.1630899370396484
135,-5.399683643575077,5.602416197629161,-5.399683643575077,5.196951089520996
136,-2.878231366242557,-2.878231366242557,-2.878231366242557,8.634694098727671
137,-5.154476330322146,4.055864041654036,-5.154476330322146,6.253088618990256
138,-7.427615664402096,1.7827247075740869,1.7827247075740869,3.8621662492539226
139,-5.3663007954189474,-5.3663007954189474,4.942651865225345,5.789949725612549
140,-7.427615664402096,1.7827247075740869,1.7827247075740869,3.8621662492539226
141,1.5799921535200045,-7.630348218456178,2.678604442188114,3.3717516227480595
142,0.4215997383925573,-0.6770125502755523,-0.6770125502755523,0.932425362158548
143,2.1292982978540587,-7.774189254682069,2.822445478414004,2.822445478414004
144,-2.878231366242557,-2.878231366242557,-2.878231366242557,8.634694098727671
145,-7.567519611385952,2.3359679411501757,1.6428207605902305,3.5887309096455438
146,-5.154476330322146,4.055864041654036,-5.154476330322146,6.253088618990256
147,-5.154476330322146,-5.154476330322146,4.055864041654036,6.253088618990256
148,-7.427615664402096,1.7827247075740869,1.7827247075740869,3.8621662492539226
149,-7.774189254682069,2.822445478414004,2.822445478414004,2.1292982978540587
150,-7.656688347370635,3.163089937039648,1.5536520246055476,2.939946385725438
151,-5.399683643575077,-5.399683643575077,5.602416197629161,5.196951089520996
152,-2.878231366242557,-2.878231366242557,-2.878231366242557,8.634694098727671
153,-5.154476330322146,4.055864041654036,-5.154476330322146,6.253088618990256
154,1.5799921535200045,-7.630348218456178,2.678604442188114,3.3717516227480595
155,-2.8518912373281,-2.8518912373281,-2.8518912373281,8.555673711984301
156,-2.878231366242557,-2.878231366242557,-2.878231366242557,8.634694098727671
157,-2.8518912373281,-2.8518912373281,-2.8518912373281,8.555673711984301
158,-2.878231366242557,-2.878231366242557,-2.878231366242557,8.634694098727671
159,3.163089937039648,1.5536520246055476,-7.656688347370635,2.939946385725438
160,2.3359679411501757,1.6428207605902305,-7.567519611385952,3.5887309096455438
161,-0.10136627702704117,-0.7945134575869864,0.3040988310811231,0.5917809035329041
162,0.5917809035329041,-0.10136627702704117,-0.7945134575869864,0.3040988310811233
163,2.1454329281384523,3.061723660012607,-7.758054624397676,2.5508980362466165
164,0.27465307216702733,0.27465307216702733,-0.8239592165010822,0.2746530721670275
165,5.789949725612549,-5.3663007954189474,-5.3663007954189474,4.942651865225345
166,0.5917809035329041,-0.10136627702704117,-0.7945134575869864,0.3040988310811231
167,-2.878231366242557,-2.878231366242557,-2.878231366242557,8.634694098727671
168,-2.878231366242557,-2.878231366242557,-2.878231366242557,8.634694098727671
169,-5.154476330322146,4.055864041654036,-5.154476330322146,6.253088618990256
170,-7.427615664402096,1.7827247075740869,1.7827247075740869,3.8621662492539226
171,-7.702268736569124,2.201218815967004,2.201218815967004,3.2998311046351136
172,4.055864041654036,-5.154476330322146,-5.154476330322146,6.253088618990256
173,-2.878231366242557,-2.878231366242557,-2.878231366242557,8.634694098727671
174,-7.567519611385952,2.3359679411501757,1.6428207605902305,3.5887309096455438
175,-7.630348218456178,3.3717516227480595,1.5799921535200045,2.678604442188114
176,1.6428207605902305,2.3359679411501757,-7.567519611385952,3.5887309096455438
177,-5.4098891422051425,5.409889142205141,-5.4098891422051425,5.409889142205141
178,-7.427615664402096,1.7827247075740869,1.7827247075740869,3.8621662492539226
179,-0.4864775372638284,-0.4864775372638284,-0.4864775372638284,1.4594326117914849
180,-7.630348218456178,1.5799921535200045,2.678604442188114,3.3717516227480595
181,-5.298317366548036,5.991464547107983,-5.298317366548036,4.605170185988092
182,1.6428207605902305,-7.567519611385952,2.3359679411501757,3.5887309096455438
183,4.942651865225345,-5.3663007954189474,-5.3663007954189474,5.789949725612549
184,-0.6212266624470002,0.07192051811294509,-0.6212266624470002,1.170532806781055
185,-2.878231366242557,-2.878231366242557,-2.878231366242557,8.634694098727671
186,-7.656688347370635,1.5536520246055476,3.163089937039648,2.939946385725438
187,-7.702268736569124,2.201218815967004,3.2998311046351136,2.201218815967004
188,-7.630348218456178,1.5799921535200045,2.678604442188114,3.3717516227480595
189,-5.298317366548037,4.605170185988091,-5.298317366548037,5.991464547107982
190,-7.567519611385952,2.3359679411501757,1.6428207605902305,3.5887309096455438
191,-7.427615664402096,1.7827247075740869,1.7827247075740869,3.8621662492539226
192,-5.154476330322146,4.055864041654036,-5.154476330322146,6.253088618990256
193,-5.154476330322146,-5.154476330322146,4.055864041654036,6.253088618990256
194,-5.154476330322146,-5.154476330322146,4.055864041654036,6.253088618990256
195,-7.567519611385952,1.6428207605902305,2.3359679411501757,3.5887309096455438
196,-5.298317366548037,4.605170185988091,-5.298317366548037,5.991464547107982
197,-5.154476330322146,4.055864041654036,-5.154476330322146,6.253088618990256
198,-5.399683643575077,-5.399683643575077,5.196951089520996,5.602416197629161
199,1.6428207605902305,-7.567519611385952,3.5887309096455438,2.3359679411501757
200,-5.154476330322146,4.055864041654036,-5.154476330322146,6.253088618990256
201,1.7827247075740869,1.7827247075740869,-7.427615664402096,3.8621662492539226
202,-2.878231366242557,-2.878231366242557,-2.878231366242557,8.634694098727671
203,-2.878231366242557,-2.878231366242557,-2.878231366242557,8.634694098727671
204,-7.702268736569124,2.201218815967004,2.201218815967004,3.299831104635114
205,-0.4864775372638284,-0.4864775372638284,-0.4864775372638284,1.459432611791485
206,2.995732273553991,1.6094379124341003,-7.600902459542082,2.995732273553991
207,-2.878231366242557,-2.878231366242557,-2.878231366242557,8.634694098727671
208,-7.427615664402096,1.7827247075740869,1.7827247075740869,3.8621662492539226
209,-2.878231366242557,-2.878231366242557,-2.878231366242557,8.634694098727671
210,1.5799921535200045,-7.630348218456178,3.3717516227480595,2.678604442188114
211,1.7827247075740869,1.7827247075740869,-7.427615664402096,3.8621662492539226
212,-5.298317366548037,4.605170185988091,-5.298317366548037,5.991464547107982
213,-5.154476330322146,4.055864041654036,-5.154476330322146,6.253088618990256
214,1.6428207605902305,-7.567519611385952,2.3359679411501757,3.5887309096455438
215,-7.427615664402096,1.7827247075740869,1.7827247075740869,3.8621662492539226
216,-5.298317366548037,4.605170185988091,-5.298317366548037,5.991464547107982
217,-5.154476330322146,4.055864041654036,-5.154476330322146,6.253088618990256
218,-5.154476330322146,4.055864041654036,-5.154476330322146,6.253088618990256
219,-5.3663007954189474,-5.3663007954189474,4.942651865225345,5.789949725612549
220,-5.298317366548037,-5.298317366548037,4.605170185988091,5.991464547107982
221,1.6428207605902305,2.3359679411501757,-7.567519611385952,3.5887309096455438
222,1.7827247075740869,-7.427615664402096,1.7827247075740869,3.8621662492539226
223,-5.298317366548037,-5.298317366548037,4.605170185988091,5.991464547107982
224,-5.298317366548037,-5.298317366548037,4.605170185988091,5.991464547107982
225,-5.154476330322146,4.055864041654036,-5.154476330322146,6.253088618990256
226,1.6428207605902305,2.3359679411501757,-7.567519611385952,3.5887309096455438
227,-2.878231366242557,-2.878231366242557,-2.878231366242557,8.634694098727671
228,-5.154476330322146,-5.154476330322146,4.055864041654036,6.253088618990256
229,4.055864041654036,-5.154476330322146,-5.154476330322146,6.253088618990256
230,3.163089937039648,2.939946385725438,1.5536520246055476,-7.656688347370635
231,3.588730909645544,-7.5675196113859515,1.6428207605902312,2.3359679411501766
232,3.061723660012607,2.1454329281384523,-7.758054624397676,2.5508980362466165
233,6.253088618990256,-5.154476330322146,4.055864041654036,-5.154476330322146
234,2.5508980362466165,3.061723660012607,-7.758054624397676,2.1454329281384523
235,2.3359679411501757,1.6428207605902305,-7.567519611385952,3.5887309096455438
236,1.6428207605902305,-7.567519611385952,2.3359679411501757,3.5887309096455438
237,2.201218815967004,3.2998311046351136,-7.702268736569124,2.201218815967004
238,0.42159973839255704,0.9324253621585475,-0.6770125502755527,-0.6770125502755527
239,1.5799921535200048,3.3717516227480595,-7.630348218456178,2.6786044421881146
240,0.5917809035329044,0.3040988310811233,-0.7945134575869862,-0.10136627702704092
241,3.588730909645544,1.6428207605902312,-7.5675196113859515,2.3359679411501766
242,-2.878231366242557,-2.878231366242557,-2.878231366242557,8.634694098727671
243,-7.774189254682069,2.822445478414004,2.1292982978540587,2.822445478414004
244,-5.154476330322146,4.055864041654036,-5.154476330322146,6.253088618990256
245,-7.630348218456178,2.678604442188114,1.5799921535200045,3.3717516227480595
246,-5.154476330322146,-5.154476330322146,4.055864041654036,6.253088618990256
247,-2.878231366242557,-2.878231366242557,-2.878231366242557,8.634694098727671
248,-2.878231366242557,-2.878231366242557,-2.878231366242557,8.634694098727671
249,-5.4098891422051425,5.409889142205141,-5.4098891422051425,5.409889142205141
250,-0.7489330683884978,-0.05578588782855254,-0.05578588782855254,0.8605048440456025
251,1.553652024605548,2.9399463857254386,-7.656688347370634,3.1630899370396484
252,-5.4098891422051425,-5.4098891422051425,5.409889142205141,5.409889142205141
253,2.3359679411501766,3.588730909645544,-7.5675196113859515,1.6428207605902312
254,1.7827247075740869,1.7827247075740869,-7.427615664402096,3.8621662492539226
255,-7.758054624397676,3.061723660012607,2.1454329281384523,2.5508980362466165
256,-0.6770125502755525,-0.6770125502755525,0.42159973839255716,0.9324253621585478
257,1.5536520246055476,-7.656688347370635,3.163089937039648,2.939946385725438
258,-5.154476330322146,-5.154476330322146,4.055864041654036,6.253088618990256
259,-5.154476330322146,4.055864041654036,-5.154476330322146,6.253088618990256
260,1.6428207605902305,2.3359679411501757,-7.567519611385952,3.5887309096455438
261,-2.878231366242557,-2.878231366242557,-2.878231366242557,8.634694098727671
262,1.5799921535200045,-7.630348218456178,2.678604442188114,3.3717516227480595
263,-5.154476330322146,4.055864041654036,-5.154476330322146,6.253088618990256
264,-7.656688347370635,3.163089937039648,1.5536520246055476,2.939946385725438
265,1.6428207605902305,2.3359679411501757,-7.567519611385952,3.5887309096455438
266,1.7827247075740869,1.7827247075740869,-7.427615664402096,3.8621662492539226
267,4.605170185988091,-5.298317366548037,-5.298317366548037,5.991464547107982
268,3.2998311046351136,2.201218815967004,-7.702268736569124,2.201218815967004
269,3.061723660012607,2.1454329281384523,-7.758054624397676,2.5508980362466165
270,1.5799921535200048,3.3717516227480595,-7.630348218456178,2.6786044421881146
271,-7.5675196113859515,3.588730909645544,1.6428207605902312,2.3359679411501766
272,-0.6212266624470002,-0.6212266624470002,1.1705328067810548,0.07192051811294509
273,-5.3663007954189474,4.942651865225345,-5.3663007954189474,5.789949725612549
274,-7.630348218456178,3.3717516227480595,1.5799921535200045,2.678604442188114
275,-7.656688347370635,2.939946385725438,1.5536520246055476,3.163089937039648
276,-5.298317366548036,5.991464547107983,-5.298317366548036,4.605170185988092
277,2.2012188159670045,2.2012188159670045,-7.702268736569123,3.2998311046351145
278,2.1454329281384523,3.061723660012607,-7.758054624397676,2.5508980362466165
279,-7.567519611385952,1.6428207605902305,2.3359679411501757,3.5887309096455438
280,-5.298317366548037,-5.298317366548037,4.605170185988091,5.991464547107982
281,-0.7945134575869864,-0.10136627702704117,0.3040988310811233,0.5917809035329041
282,-0.10136627702704117,-0.7945134575869864,0.5917809035329041,0.3040988310811233
283,-0.7489330683884978,-0.05578588782855254,-0.05578588782855254,0.8605048440456025
284,-0.7945134575869864,-0.10136627702704117,0.3040988310811233,0.5917809035329041
285,-5.3663007954189474,-5.3663007954189474,4.942651865225345,5.789949725612549
286,-5.399683643575077,-5.399683643575077,5.196951089520996,5.602416197629161
287,-2.878231366242557,-2.878231366242557,-2.878231366242557,8.634694098727671
288,-2.878231366242557,-2.878231366242557,-2.878231366242557,8.634694098727671
289,-7.427615664402096,1.7827247075740869,1.7827247075740869,3.8621662492539226
290,-0.6770125502755523,0.4215997383925573,-0.6770125502755523,0.932425362158548
291,-5.298317366548037,-5.298317366548037,4.605170185988091,5.991464547107982
292,-7.567519611385952,2.3359679411501757,1.6428207605902305,3.5887309096455438
293,-5.298317366548037,4.605170185988091,-5.298317366548037,5.991464547107982
294,-0.7945134575869864,-0.10136627702704117,0.5917809035329041,0.3040988310811231
295,2.129298297854059,2.8224454784140045,-7.774189254682069,2.8224454784140045
296,-2.878231366242557,-2.878231366242557,-2.878231366242557,8.634694098727671
297,-5.4098891422051425,5.409889142205141,-5.4098891422051425,5.409889142205141
298,-2.878231366242557,-2.878231366242557,-2.878231366242557,8.634694098727671
299,-0.7945134575869862,0.3040988310811233,-0.10136627702704092,0.5917809035329044
300,-5.226396848435091,4.677090704101037,-5.226396848435091,5.775702992769147
301,-5.282182736263644,5.537595548146639,-5.282182736263644,5.026769924380648
302,-2.822445478414003,8.467336435242016,-2.822445478414003,-2.822445478414003
303,-5.226396848435092,5.370237884660981,-5.226396848435092,5.0825558122092005
304,-6.907755278982137,2.3025850929940463,2.3025850929940463,2.3025850929940463
305,-5.0531100532951045,5.948989787909134,-5.0531100532951045,4.157230318681078
306,-2.649158683274018,-2.649158683274018,-2.649158683274018,7.947476049822055
307,-5.053110053295105,5.255842607349187,-5.053110053295105,4.850377499241023
308,-4.879823258155119,4.330517113821064,-4.879823258155119,5.429129402489174
309,-4.605170185988091,4.605170185988092,-4.605170185988091,4.605170185988092
310,-7.1824083511491645,2.0279320208270186,2.0279320208270186,3.126544309495128
311,-4.9517437762680645,5.644890956828009,4.258596595708118,-4.9517437762680645
312,-5.0531100532951045,5.948989787909134,-5.0531100532951045,4.157230318681078
313,-2.7049445711025704,8.114833713307712,-2.7049445711025704,-2.7049445711025704
314,-2.7890626302578734,-2.7890626302578734,-2.7890626302578734,8.367187890773623
315,-5.399683643575078,5.196951089520995,-5.399683643575078,5.60241619762916
316,-7.427615664402096,1.7827247075740869,3.8621662492539226,1.7827247075740869
317,-7.758054624397676,2.5508980362466165,2.1454329281384523,3.061723660012607
318,-0.6931471805599453,0.6931471805599453,-0.6931471805599453,0.6931471805599453
319,2.5053176470481278,2.7929997194999086,-7.803635013596165,2.5053176470481278
320,-0.10136627702704117,0.5917809035329041,-0.7945134575869864,0.3040988310811233
321,-7.427615664402096,1.7827247075740869,3.8621662492539226,1.7827247075740869
322,-7.656688347370635,2.939946385725438,1.5536520246055476,3.163089937039648
323,-7.567519611385952,2.3359679411501757,1.6428207605902305,3.5887309096455438
324,-5.399683643575077,5.602416197629161,-5.399683643575077,5.196951089520996
325,-5.4098891422051425,5.409889142205141,-5.4098891422051425,5.409889142205141
326,-5.3663007954189474,4.942651865225345,-5.3663007954189474,5.789949725612549
327,-7.427615664402096,1.7827247075740869,1.7827247075740869,3.8621662492539226
328,-0.6212266624470002,0.07192051811294509,-0.6212266624470002,1.170532806781055
329,-7.567519611385952,2.3359679411501757,1.6428207605902305,3.5887309096455438
330,-0.6770125502755525,0.9324253621585478,-0.6770125502755525,0.42159973839255704
331,-5.154476330322146,4.055864041654036,-5.154476330322146,6.253088618990256
332,-0.6931471805599453,0.6931471805599453,-0.6931471805599453,0.6931471805599453
333,-0.4864775372638284,-0.4864775372638284,-0.4864775372638284,1.4594326117914849
334,-0.6931471805599453,0.6931471805599453,-0.6931471805599453,0.6931471805599453
335,0.07192051811294509,1.170532806781055,-0.6212266624470002,-0.6212266624470002
336,-7.427615664402096,1.7827247075740869,1.7827247075740869,3.8621662492539226
337,1.5536520246055476,3.163089937039648,-7.656688347370635,2.939946385725438
338,4.605170185988091,5.991464547107982,-5.298317366548037,-5.298317366548037
339,-5.4098891422051425,5.409889142205141,-5.4098891422051425,5.409889142205141
340,2.1454329281384523,3.061723660012607,-7.758054624397676,2.5508980362466165
341,-7.427615664402096,1.7827247075740869,1.7827247075740869,3.8621662492539226
342,-0.20273255405408205,0.20273255405408247,-0.20273255405408205,0.20273255405408247
343,-7.656688347370635,2.939946385725438,1.5536520246055476,3.163089937039648
344,-7.567519611385952,1.6428207605902305,2.3359679411501757,3.5887309096455438
345,-7.656688347370635,2.939946385725438,1.5536520246055476,3.163089937039648
346,1.7827247075740869,1.7827247075740869,-7.427615664402096,3.8621662492539226
347,-0.4864775372638286,-0.4864775372638286,1.4594326117914849,-0.4864775372638286
348,-0.7945134575869864,0.5917809035329041,-0.10136627702704117,0.3040988310811233
349,-7.567519611385952,2.3359679411501757,1.6428207605902305,3.5887309096455438
350,-5.3663007954189474,4.942651865225345,-5.3663007954189474,5.789949725612549
351,-7.567519611385952,1.6428207605902305,2.3359679411501757,3.5887309096455438
352,1.7827247075740869,3.8621662492539226,1.7827247075740869,-7.427615664402096
353,-7.758054624397676,3.061723660012607,2.1454329281384523,2.5508980362466165
354,-7.758054624397676,3.061723660012607,2.1454329281384523,2.5508980362466165
355,-7.630348218456178,3.3717516227480595,1.5799921535200045,2.678604442188114
356,-0.6931471805599453,0.0,0.0,0.6931471805599453
357,-5.3663007954189474,4.942651865225345,-5.3663007954189474,5.789949725612549
358,-0.6931471805599453,-0.6931471805599453,0.6931471805599453,0.6931471805599453
359,1.5536520246055476,3.163089937039648,-7.656688347370635,2.939946385725438
360,-5.298317366548036,5.991464547107983,-5.298317366548036,4.605170185988092
361,-7.427615664402096,1.7827247075740869,1.7827247075740869,3.8621662492539226
362,2.678604442188114,1.5799921535200045,-7.630348218456178,3.3717516227480595
363,-2.878231366242557,8.634694098727671,-2.878231366242557,-2.878231366242557
364,-2.878231366242557,-2.878231366242557,-2.878231366242557,8.634694098727671
365,-5.4098891422051425,5.409889142205141,-5.4098891422051425,5.409889142205141
366,-5.399683643575077,5.602416197629161,-5.399683643575077,5.196951089520996
367,2.2467992051654933,2.2467992051654933,-7.656688347370634,3.1630899370396484
368,-0.7945134575869864,0.5917809035329041,-0.10136627702704117,0.3040988310811233
369,-7.803635013596165,2.7929997194999086,2.5053176470481278,2.5053176470481278
370,-7.630348218456178,2.678604442188114,1.5799921535200045,3.3717516227480595
371,-5.399683643575077,-5.399683643575077,5.196951089520996,5.602416197629161
372,2.201218815967004,-7.702268736569124,3.299831104635114,2.201218815967004
373,-5.3663007954189474,4.942651865225345,-5.3663007954189474,5.789949725612549
374,-7.656688347370635,3.163089937039648,1.5536520246055476,2.939946385725438
375,1.7827247075740869,-7.427615664402096,1.7827247075740869,3.8621662492539226
376,-5.298317366548037,4.605170185988091,-5.298317366548037,5.991464547107982
377,-7.584767829257689,2.724184831386603,1.625572542718493,3.2350104551525933
378,-7.702268736569124,3.2998311046351136,2.201218815967004,2.201218815967004
379,-5.399683643575079,5.1969510895209945,-5.399683643575079,5.602416197629159
380,-5.399683643575078,5.196951089520995,-5.399683643575078,5.60241619762916
381,-5.399683643575078,5.196951089520995,-5.399683643575078,5.60241619762916
382,-0.4864775372638284,-0.4864775372638284,-0.4864775372638284,1.459432611791485
383,-5.3663007954189474,5.789949725612549,-5.3663007954189474,4.942651865225345
384,-7.567519611385952,1.6428207605902305,2.3359679411501757,3.5887309096455438
385,-0.7945134575869862,0.3040988310811233,-0.10136627702704092,0.5917809035329044
386,-7.702268736569124,2.201218815967004,2.201218815967004,3.2998311046351136
387,-7.5675196113859515,3.588730909645544,1.6428207605902312,2.3359679411501766
388,-5.3663007954189474,5.789949725612549,-5.3663007954189474,4.942651865225345
389,-7.427615664402096,3.8621662492539226,1.7827247075740869,1.7827247075740869
390,-5.399683643575077,5.602416197629161,-5.399683643575077,5.196951089520996
391,-5.399683643575078,5.196951089520995,-5.399683643575078,5.60241619762916
392,1.6428207605902305,-7.567519611385952,2.3359679411501757,3.5887309096455438
393,-7.567519611385952,2.3359679411501757,1.6428207605902305,3.5887309096455438
394,-0.6770125502755525,-0.6770125502755525,0.42159973839255716,0.9324253621585478
395,-5.298317366548037,4.605170185988091,-5.298317366548037,5.991464547107982
396,-5.298317366548037,4.605170185988091,-5.298317366548037,5.991464547107982
397,-5.3663007954189474,4.942651865225345,-5.3663007954189474,5.789949725612549
398,-7.656688347370635,3.163089937039648,1.5536520246055476,2.939946385725438
399,-5.154476330322146,6.253088618990256,-5.154476330322146,4.055864041654036
400,-5.3663007954189474,5.789949725612549,-5.3663007954189474,4.942651865225345
401,-5.4098891422051425,5.409889142205141,-5.4098891422051425,5.409889142205141
402,-5.399683643575078,5.196951089520995,-5.399683643575078,5.60241619762916
403,-0.6770125502755523,0.4215997383925573,-0.6770125502755523,0.932425362158548
404,-7.656688347370635,2.939946385725438,1.5536520246055476,3.163089937039648
405,-5.298317366548037,4.605170185988091,-5.298317366548037,5.991464547107982
406,-5.4098891422051425,5.409889142205141,-5.4098891422051425,5.409889142205141
407,-7.567519611385952,2.3359679411501757,1.6428207605902305,3.5887309096455438
408,-7.427615664402096,1.7827247075740869,1.7827247075740869,3.8621662492539226
409,-0.6212266624470002,0.07192051811294509,-0.6212266624470002,1.1705328067810548
410,-5.154476330322146,4.055864041654036,-5.154476330322146,6.253088618990256
411,-0.6212266624470002,-0.6212266624470002,0.07192051811294509,1.170532806781055
412,-2.878231366242557,-2.878231366242557,-2.878231366242557,8.634694098727671
413,-5.298317366548036,5.991464547107983,-5.298317366548036,4.605170185988092
414,-7.630348218456178,3.3717516227480595,1.5799921535200045,2.678604442188114
415,0.07192051811294509,1.1705328067810548,-0.6212266624470002,-0.6212266624470002
416,-5.399683643575077,5.602416197629161,-5.399683643575077,5.196951089520996
417,-5.399683643575079,5.1969510895209945,-5.399683643575079,5.602416197629159
418,-5.3663007954189474,4.942651865225345,-5.3663007954189474,5.789949725612549
419,-7.702268736569124,2.201218815967004,2.201218815967004,3.299831104635114
420,-5.4098891422051425,5.409889142205141,-5.4098891422051425,5.409889142205141
421,-7.656688347370635,3.163089937039648,1.5536520246055476,2.939946385725438
422,-7.567519611385952,2.3359679411501757,1.6428207605902305,3.5887309096455438
423,-7.758054624397676,3.061723660012607,2.1454329281384523,2.5508980362466165
424,-7.656688347370635,2.939946385725438,1.5536520246055476,3.163089937039648
425,-2.878231366242557,8.634694098727671,-2.878231366242557,-2.878231366242557
426,-0.6931471805599453,-0.6931471805599453,0.6931471805599453,0.6931471805599453
427,-5.3663007954189474,5.789949725612549,-5.3663007954189474,4.942651865225345
428,-5.3663007954189474,4.942651865225345,-5.3663007954189474,5.789949725612549
429,-5.298317366548037,5.298317366548036,-5.298317366548037,5.298317366548036
430,1.6813584305470455,2.779970719215155,-7.528981941429137,3.067652791666936
431,-7.774189254682069,2.822445478414004,2.1292982978540587,2.822445478414004
432,-5.154476330322146,6.253088618990256,-5.154476330322146,4.055864041654036
433,-2.878231366242557,-2.878231366242557,8.634694098727671,-2.878231366242557
434,-5.399683643575078,5.196951089520995,-5.399683643575078,5.60241619762916
435,-0.10136627702704092,0.30409883108112357,-0.7945134575869862,0.5917809035329044
436,0.5917809035329041,0.3040988310811233,-0.10136627702704117,-0.7945134575869864
437,-7.758054624397676,2.1454329281384523,2.5508980362466165,3.061723660012607
438,-7.656688347370635,2.939946385725438,1.5536520246055476,3.163089937039648
439,-0.20273255405408205,0.20273255405408228,-0.20273255405408205,0.20273255405408228
440,-5.399683643575077,5.602416197629161,-5.399683643575077,5.196951089520996
441,-5.399683643575078,5.196951089520995,-5.399683643575078,5.60241619762916
442,-5.3663007954189474,4.942651865225345,-5.3663007954189474,5.789949725612549
443,-0.4864775372638284,-0.4864775372638284,-0.4864775372638284,1.4594326117914849
444,0.6931471805599451,0.6931471805599451,-0.6931471805599455,-0.6931471805599455
445,1.7827247075740869,1.7827247075740869,-7.427615664402096,3.8621662492539226
446,-5.298317366548037,-5.298317366548037,4.605170185988091,5.991464547107982
447,-0.6770125502755525,-0.6770125502755525,0.9324253621585478,0.42159973839255716
448,-5.3663007954189474,4.942651865225345,-5.3663007954189474,5.789949725612549
449,-7.567519611385952,2.3359679411501757,1.6428207605902305,3.5887309096455438
450,1.625572542718493,2.724184831386603,-7.584767829257689,3.2350104551525933
451,-2.878231366242557,-2.878231366242557,-2.878231366242557,8.634694098727671
452,1.553652024605548,2.9399463857254386,-7.656688347370634,3.1630899370396484
453,1.6428207605902305,2.3359679411501757,-7.567519611385952,3.5887309096455438
454,-5.12503057140805,4.085309800568132,-5.12503057140805,6.1647513422479685
455,1.6428207605902305,-7.567519611385952,2.3359679411501757,3.5887309096455438
456,1.5536520246055476,-7.656688347370635,3.163089937039648,2.939946385725438
457,1.6428207605902305,-7.567519611385952,3.5887309096455438,2.3359679411501757
458,-5.154476330322146,4.055864041654036,-5.154476330322146,6.253088618990256
459,-7.567519611385952,1.6428207605902305,2.3359679411501757,3.5887309096455438
460,-5.125030571408051,5.471604161688022,-5.125030571408051,4.778456981128077
461,-2.822445478414003,8.467336435242016,-2.822445478414003,-2.822445478414003
462,-5.282182736263644,5.026769924380648,-5.282182736263644,5.537595548146639
463,-5.154476330322146,5.154476330322146,-5.154476330322146,5.154476330322146
464,-4.879823258155119,-4.879823258155119,4.330517113821064,5.429129402489174
465,-7.25432886926211,2.6491586832740177,1.9560115027140725,2.6491586832740177
466,-5.226396848435091,5.775702992769147,-5.226396848435091,4.677090704101037
467,-5.125030571408051,5.471604161688022,-5.125030571408051,4.778456981128077
468,-4.9517437762680645,4.951743776268064,-4.9517437762680645,4.951743776268064
469,-4.605170185988091,-4.605170185988091,4.605170185988092,4.605170185988092
470,-5.053110053295105,-5.053110053295105,4.850377499241023,5.255842607349187
471,-5.1808164592366035,4.722671093299525,-5.1808164592366035,5.63896182517368
472,-7.774189254682069,2.822445478414004,2.822445478414004,2.1292982978540587
473,-5.0531100532951045,4.157230318681078,-5.0531100532951045,5.948989787909134
474,-5.226396848435092,4.677090704101036,-5.226396848435092,5.775702992769146
475,-2.649158683274018,-2.649158683274018,-2.649158683274018,7.947476049822055
476,-7.1824083511491645,2.0279320208270186,2.0279320208270186,3.126544309495128
477,4.330517113821064,-4.879823258155119,-4.879823258155119,5.429129402489174
478,-2.7890626302578734,-2.7890626302578734,-2.7890626302578734,8.367187890773623
479,-2.7890626302578734,-2.7890626302578734,-2.7890626302578734,8.367187890773623
480,-5.154476330322146,6.253088618990256,-5.154476330322146,4.055864041654036
481,-0.6931471805599453,0.6931471805599453,-0.6931471805599453,0.6931471805599453
482,-7.758054624397676,2.5508980362466165,2.1454329281384523,3.061723660012607
483,2.1454329281384523,2.550898036246617,-7.758054624397675,3.0617236600126074
484,-5.298317366548037,4.605170185988091,-5.298317366548037,5.991464547107982
485,-5.154476330322146,4.055864041654036,-5.154476330322146,6.253088618990256
486,-0.7945134575869862,0.5917809035329044,0.30409883108112357,-0.10136627702704092
487,-5.399683643575078,5.196951089520995,-5.399683643575078,5.60241619762916
488,-0.6212266624470002,0.07192051811294509,-0.6212266624470002,1.1705328067810548
489,-5.399683643575078,5.196951089520995,-5.399683643575078,5.60241619762916
490,-5.154476330322146,-5.154476330322146,4.055864041654036,6.253088618990256
491,-2.878231366242557,8.634694098727671,-2.878231366242557,-2.878231366242557
492,-0.6212266624470002,0.07192051811294509,-0.6212266624470002,1.1705328067810548
493,0.42159973839255716,-0.6770125502755525,-0.6770125502755525,0.9324253621585478
494,2.5508980362466165,-7.758054624397676,2.1454329281384523,3.061723660012607
495,-5.399683643575077,5.602416197629161,-5.399683643575077,5.196951089520996
496,-7.803635013596165,2.5053176470481278,2.5053176470481278,2.7929997194999086
497,-7.630348218456178,2.678604442188114,1.5799921535200045,3.3717516227480595
498,-7.427615664402096,1.7827247075740869,1.7827247075740869,3.8621662492539226
499,-7.758054624397676,2.1454329281384523,3.061723660012607,2.5508980362466165
500,-0.17328679513998638,-0.17328679513998638,-0.17328679513998638,0.5198603854199589
501,-7.702268736569124,2.201218815967004,2.201218815967004,3.299831104635114
502,-7.774189254682069,2.822445478414004,2.822445478414004,2.1292982978540587
503,-5.399683643575077,5.602416197629161,-5.399683643575077,5.196951089520996
504,2.2012188159670045,2.606683924075169,-7.702268736569123,2.89436599652695
505,-0.6770125502755525,-0.6770125502755525,0.42159973839255716,0.9324253621585478
506,-0.6212266624470002,-0.6212266624470002,0.07192051811294509,1.1705328067810548
507,1.5799921535200045,2.678604442188114,-7.630348218456178,3.3717516227480595
508,-5.399683643575079,5.1969510895209945,-5.399683643575079,5.602416197629159
509,-5.3663007954189474,4.942651865225345,-5.3663007954189474,5.789949725612549
510,-7.630348218456178,2.678604442188114,1.5799921535200045,3.3717516227480595
511,-0.6212266624470002,0.07192051811294509,-0.6212266624470002,1.1705328067810548
512,-0.7945134575869864,-0.10136627702704117,0.3040988310811233,0.5917809035329041
513,-7.427615664402096,1.7827247075740869,1.7827247075740869,3.8621662492539226
514,-7.35569514628915,1.8546452256870325,1.8546452256870325,3.6464046949150872
515,1.7827247075740869,-7.427615664402096,1.7827247075740869,3.8621662492539226
516,-7.630348218456178,2.678604442188114,1.5799921535200045,3.3717516227480595
517,-5.399683643575077,5.602416197629161,-5.399683643575077,5.196951089520996
518,-5.154476330322146,4.055864041654036,-5.154476330322146,6.253088618990256
519,-7.774189254682069,2.1292982978540587,2.822445478414004,2.822445478414004
520,-5.154476330322146,6.253088618990256,4.055864041654036,-5.154476330322146
521,1.6428207605902305,2.3359679411501757,-7.567519611385952,3.5887309096455438
522,1.7827247075740869,3.8621662492539226,-7.427615664402096,1.7827247075740869
523,1.5799921535200045,3.3717516227480595,-7.630348218456178,2.678604442188114
524,-7.427615664402096,1.7827247075740869,1.7827247075740869,3.8621662492539226
525,-5.399683643575077,5.602416197629161,-5.399683643575077,5.196951089520996
526,4.055864041654036,-5.154476330322146,-5.154476330322146,6.253088618990256
527,1.7827247075740869,1.7827247075740869,-7.427615664402096,3.8621662492539226
528,-7.656688347370635,3.163089937039648,1.5536520246055476,2.939946385725438
529,-0.6212266624470002,-0.6212266624470002,0.07192051811294509,1.170532806781055
530,-5.399683643575078,5.196951089520995,-5.399683643575078,5.60241619762916
531,-5.3663007954189474,5.789949725612549,-5.3663007954189474,4.942651865225345
532,-5.399683643575078,5.196951089520995,-5.399683643575078,5.60241619762916
533,-7.567519611385952,1.6428207605902305,2.3359679411501757,3.5887309096455438
534,4.055864041654036,-5.154476330322146,-5.154476330322146,6.253088618990256
535,-0.6770125502755525,-0.6770125502755525,0.42159973839255716,0.9324253621585478
536,-5.4098891422051425,-5.4098891422051425,5.409889142205141,5.409889142205141
537,-5.3663007954189474,4.942651865225345,-5.3663007954189474,5.789949725612549
538,-5.399683643575077,5.602416197629161,-5.399683643575077,5.196951089520996
539,-5.298317366548036,5.991464547107983,-5.298317366548036,4.605170185988092
540,-5.399683643575078,5.196951089520995,-5.399683643575078,5.60241619762916
541,-5.298317366548036,5.991464547107983,-5.298317366548036,4.605170185988092
542,-5.298317366548036,5.991464547107983,-5.298317366548036,4.605170185988092
543,-2.878231366242557,8.634694098727671,-2.878231366242557,-2.878231366242557
544,-5.154476330322146,6.253088618990256,-5.154476330322146,4.055864041654036
545,-5.154476330322146,6.253088618990256,-5.154476330322146,4.055864041654036
546,1.553652024605548,2.9399463857254386,-7.656688347370634,3.1630899370396484
547,-5.399683643575078,5.196951089520995,-5.399683643575078,5.60241619762916
548,-5.399683643575077,5.602416197629161,-5.399683643575077,5.196951089520996
549,-5.3663007954189474,5.789949725612549,-5.3663007954189474,4.942651865225345
550,-5.154476330322146,6.253088618990256,-5.154476330322146,4.055864041654036
551,-5.4098891422051425,5.409889142205141,-5.4098891422051425,5.409889142205141
552,-2.878231366242557,8.634694098727671,-2.878231366242557,-2.878231366242557
553,1.7827247075740869,1.7827247075740869,-7.427615664402096,3.8621662492539226
554,0.07192051811294509,1.1705328067810548,-0.6212266624470002,-0.6212266624470002
555,-5.298317366548036,5.991464547107983,-5.298317366548036,4.605170185988092
556,-0.7945134575869864,0.3040988310811233,-0.10136627702704117,0.5917809035329041
557,-7.656688347370635,3.163089937039648,1.5536520246055476,2.939946385725438
558,-7.702268736569124,3.2998311046351136,2.201218815967004,2.201218815967004
559,-7.630348218456178,3.3717516227480595,1.5799921535200045,2.678604442188114
560,-5.399683643575078,5.196951089520995,-5.399683643575078,5.60241619762916
561,-5.399683643575079,5.1969510895209945,-5.399683643575079,5.602416197629159
562,-5.4098891422051425,5.409889142205141,-5.4098891422051425,5.409889142205141
563,-5.4098891422051425,5.409889142205141,-5.4098891422051425,5.409889142205141
564,-5.154476330322146,6.253088618990256,4.055864041654036,-5.154476330322146
565,-5.154476330322146,4.055864041654036,-5.154476330322146,6.253088618990256
566,-5.3663007954189474,-5.3663007954189474,4.942651865225345,5.789949725612549
567,-5.3663007954189474,5.789949725612549,-5.3663007954189474,4.942651865225345
568,1.6428207605902305,2.3359679411501757,-7.567519611385952,3.5887309096455438
569,-5.3663007954189474,4.942651865225345,-5.3663007954189474,5.789949725612549
570,2.3359679411501757,1.6428207605902305,-7.567519611385952,3.5887309096455438
571,-7.630348218456178,3.3717516227480595,1.5799921535200045,2.678604442188114
572,-5.154476330322146,4.055864041654036,-5.154476330322146,6.253088618990256
573,-0.4864775372638286,-0.4864775372638286,1.4594326117914846,-0.4864775372638286
574,-7.567519611385952,2.3359679411501757,1.6428207605902305,3.5887309096455438
575,-5.4098891422051425,5.409889142205141,-5.4098891422051425,5.409889142205141
576,-7.758054624397676,2.5508980362466165,2.1454329281384523,3.061723660012607
577,-2.878231366242557,8.634694098727671,-2.878231366242557,-2.878231366242557
578,-0.7489330683884978,-0.05578588782855254,-0.05578588782855254,0.8605048440456025
579,3.163089937039648,2.939946385725438,-7.656688347370635,1.5536520246055476
580,2.1454329281384523,3.061723660012607,-7.758054624397676,2.5508980362466165
581,-0.6212266624470002,-0.6212266624470002,0.07192051811294509,1.1705328067810548
582,0.5917809035329041,-0.10136627702704117,-0.7945134575869864,0.3040988310811233
583,-5.3663007954189474,5.789949725612549,-5.3663007954189474,4.942651865225345
584,-7.702268736569124,2.201218815967004,2.201218815967004,3.2998311046351136
585,-5.3663007954189474,5.789949725612549,-5.3663007954189474,4.942651865225345
586,-2.878231366242557,-2.878231366242557,-2.878231366242557,8.634694098727671
587,-2.878231366242557,-2.878231366242557,-2.878231366242557,8.634694098727671
588,-2.878231366242557,-2.878231366242557,-2.878231366242557,8.634694098727671
589,4.055864041654036,-5.154476330322146,-5.154476330322146,6.253088618990256
590,-0.519860385419959,0.8664339756999316,-0.519860385419959,0.1732867951399863
591,-5.3663007954189474,4.942651865225345,-5.3663007954189474,5.789949725612549
592,-5.399683643575077,5.602416197629161,-5.399683643575077,5.196951089520996
593,1.5799921535200045,2.678604442188114,-7.630348218456178,3.3717516227480595
594,-7.656688347370635,3.163089937039648,1.5536520246055476,2.939946385725438
595,-5.4098891422051425,5.409889142205141,-5.4098891422051425,5.409889142205141
596,-5.399683643575079,5.1969510895209945,-5.399683643575079,5.602416197629159
597,-2.878231366242557,-2.878231366242557,-2.878231366242557,8.634694098727671
598,5.789949725612549,-5.3663007954189474,-5.3663007954189474,4.942651865225345
599,-2.878231366242557,-2.878231366242557,-2.878231366242557,8.634694098727671
600,-2.878231366242557,-2.878231366242557,-2.878231366242557,8.634694098727671
601,-2.878231366242557,-2.878231366242557,-2.878231366242557,8.634694098727671
602,3.588730909645544,1.6428207605902312,-7.5675196113859515,2.3359679411501766
603,-7.656688347370635,3.163089937039648,1.5536520246055476,2.939946385725438
604,-5.298317366548037,4.605170185988091,-5.298317366548037,5.991464547107982
605,-5.4098891422051425,5.409889142205141,-5.4098891422051425,5.409889142205141
606,1.7827247075740869,3.8621662492539226,-7.427615664402096,1.7827247075740869
607,-5.3663007954189474,4.942651865225345,-5.3663007954189474,5.789949725612549
608,2.2012188159670045,2.2012188159670045,-7.702268736569123,3.2998311046351145
609,-5.399683643575077,-5.399683643575077,5.196951089520996,5.602416197629161
610,-5.154476330322146,4.055864041654036,-5.154476330322146,6.253088618990256
611,-2.878231366242557,-2.878231366242557,8.634694098727671,-2.878231366242557
612,4.605170185988091,-5.298317366548037,-5.298317366548037,5.991464547107982
613,-7.567519611385952,2.3359679411501757,1.6428207605902305,3.5887309096455438
614,-7.758054624397676,2.1454329281384523,2.5508980362466165,3.061723660012607
615,-2.7890626302578734,-2.7890626302578734,-2.7890626302578734,8.367187890773623
616,2.5053176470481278,2.7929997194999086,-7.803635013596165,2.5053176470481278
617,0.07192051811294509,-0.6212266624470002,-0.6212266624470002,1.170532806781055
618,-2.878231366242557,-2.878231366242557,-2.878231366242557,8.634694098727671
619,2.3359679411501766,3.588730909645544,-7.5675196113859515,1.6428207605902312
620,2.201218815967004,3.2998311046351136,-7.702268736569124,2.201218815967004
621,5.602416197629161,5.196951089520996,-5.399683643575077,-5.399683643575077
622,-5.4098891422051425,5.409889142205141,-5.4098891422051425,5.409889142205141
623,-5.154476330322146,-5.154476330322146,4.055864041654036,6.253088618990256
624,4.055864041654036,-5.154476330322146,-5.154476330322146,6.253088618990256
625,1.6428207605902305,-7.567519611385952,3.5887309096455438,2.3359679411501757
626,-2.878231366242557,-2.878231366242557,-2.878231366242557,8.634694098727671
627,-7.758054624397676,2.5508980362466165,2.1454329281384523,3.061723660012607
628,-0.6212266624470002,0.07192051811294509,-0.6212266624470002,1.1705328067810548
629,-5.4098891422051425,5.409889142205141,-5.4098891422051425,5.409889142205141
630,-0.6770125502755525,-0.6770125502755525,0.9324253621585478,0.42159973839255716
631,-7.567519611385952,2.3359679411501757,1.6428207605902305,3.5887309096455438
632,-7.758054624397676,3.061723660012607,2.1454329281384523,2.5508980362466165
633,0.30409883108112357,-0.10136627702704092,-0.7945134575869862,0.5917809035329044
634,1.6428207605902312,3.588730909645544,2.3359679411501766,-7.5675196113859515
635,2.678604442188114,1.5799921535200045,-7.630348218456178,3.3717516227480595
636,2.8224454784140045,2.129298297854059,-7.774189254682069,2.8224454784140045
637,2.550898036246617,2.1454329281384523,-7.758054624397675,3.0617236600126074
638,2.939946385725438,3.163089937039648,-7.656688347370635,1.5536520246055476
639,-0.6212266624469998,1.170532806781055,-0.6212266624469998,0.0719205181129455
640,-5.2649345183919065,4.638553034144222,-5.2649345183919065,5.89131600263959
641,-5.4098891422051425,5.409889142205141,-5.4098891422051425,5.409889142205141
642,3.2350104551525933,1.625572542718493,-7.584767829257689,2.724184831386603
643,-0.10136627702704117,0.5917809035329041,-0.7945134575869864,0.3040988310811233
644,-5.35410325437659,5.242531478719483,-5.35410325437659,5.465675030033693
645,-5.3663007954189474,5.789949725612549,-5.3663007954189474,4.942651865225345
646,1.5799921535200045,2.678604442188114,-7.630348218456178,3.3717516227480595
647,-2.8518912373281,-2.8518912373281,-2.8518912373281,8.555673711984301
648,1.5799921535200048,3.3717516227480595,-7.630348218456178,2.6786044421881146
649,3.163089937039648,2.246799205165493,-7.656688347370635,2.246799205165493
650,-5.354103254376589,5.465675030033694,-5.354103254376589,5.242531478719484
651,1.7827247075740869,3.8621662492539226,-7.427615664402096,1.7827247075740869
652,-2.878231366242557,-2.878231366242557,-2.878231366242557,8.634694098727671
653,-5.3663007954189474,4.942651865225345,-5.3663007954189474,5.789949725612549
654,-5.3663007954189474,4.942651865225345,-5.3663007954189474,5.789949725612549
655,4.605170185988091,-5.298317366548037,-5.298317366548037,5.991464547107982
656,4.055864041654036,-5.154476330322146,-5.154476330322146,6.253088618990256
657,4.055864041654036,-5.154476330322146,-5.154476330322146,6.253088618990256
658,-5.298317366548037,-5.298317366548037,4.605170185988091,5.991464547107982
659,-5.4098891422051425,5.409889142205141,-5.4098891422051425,5.409889142205141
660,-5.399683643575079,5.1969510895209945,-5.399683643575079,5.602416197629159
661,-5.298317366548036,5.991464547107983,-5.298317366548036,4.605170185988092
662,-5.154476330322146,4.055864041654036,-5.154476330322146,6.253088618990256
663,-5.298317366548037,4.605170185988091,-5.298317366548037,5.991464547107982
664,2.939946385725438,-7.656688347370635,1.5536520246055476,3.163089937039648
665,-0.17328679513998638,0.5198603854199589,-0.17328679513998638,-0.17328679513998638
666,3.588730909645544,1.6428207605902312,2.3359679411501766,-7.5675196113859515
667,3.8621662492539226,1.7827247075740869,-7.427615664402096,1.7827247075740869
668,2.9399463857254386,1.553652024605548,-7.656688347370634,3.1630899370396484
669,2.2012188159670045,2.2012188159670045,-7.702268736569123,3.2998311046351145
670,0.4215997383925573,-0.6770125502755523,-0.6770125502755523,0.932425362158548
671,-5.399683643575077,5.602416197629161,-5.399683643575077,5.196951089520996
672,-0.7945134575869864,0.3040988310811233,-0.10136627702704117,0.5917809035329041
673,1.5536520246055476,3.163089937039648,-7.656688347370635,2.939946385725438
674,-7.758054624397676,2.1454329281384523,2.5508980362466165,3.061723660012607
675,2.5053176470481278,2.5053176470481278,-7.803635013596165,2.7929997194999086
676,-5.399683643575078,5.196951089520995,-5.399683643575078,5.60241619762916
677,2.3359679411501757,1.6428207605902305,-7.567519611385952,3.5887309096455438
678,-5.154476330322146,-5.154476330322146,4.055864041654036,6.253088618990256
679,0.5917809035329041,-0.10136627702704117,-0.7945134575869864,0.3040988310811233
680,-0.6212266624469998,1.170532806781055,-0.6212266624469998,0.0719205181129455
681,-5.154476330322146,-5.154476330322146,4.055864041654036,6.253088618990256
682,1.6428207605902305,-7.567519611385952,2.3359679411501757,3.5887309096455438
683,-5.3663007954189474,4.942651865225345,-5.3663007954189474,5.789949725612549
684,-7.427615664402096,3.8621662492539226,1.7827247075740869,1.7827247075740869
685,2.678604442188114,3.3717516227480595,-7.630348218456178,1.5799921535200045
686,4.605170185988091,5.991464547107982,-5.298317366548037,-5.298317366548037
687,3.163089937039648,1.5536520246055476,-7.656688347370635,2.939946385725438
688,4.055864041654036,-5.154476330322146,-5.154476330322146,6.253088618990256
689,-0.4864775372638286,1.4594326117914846,-0.4864775372638286,-0.4864775372638286
690,-7.427615664402096,1.7827247075740869,1.7827247075740869,3.8621662492539226
691,1.170532806781055,-0.6212266624470002,-0.6212266624470002,0.07192051811294509
692,1.7827247075740869,1.7827247075740869,-7.427615664402096,3.8621662492539226
693,-5.399683643575078,5.196951089520995,-5.399683643575078,5.60241619762916
694,1.4594326117914846,-0.4864775372638286,-0.4864775372638286,-0.4864775372638286
695,2.5053176470481278,2.5053176470481278,-7.803635013596165,2.7929997194999086
696,3.588730909645544,2.3359679411501766,1.6428207605902312,-7.5675196113859515
697,-5.4098891422051425,5.409889142205141,-5.4098891422051425,5.409889142205141
698,-2.878231366242557,-2.878231366242557,-2.878231366242557,8.634694098727671
699,-2.878231366242557,-2.878231366242557,-2.878231366242557,8.634694098727671
700,-2.878231366242557,-2.878231366242557,-2.878231366242557,8.634694098727671
701,-7.758054624397676,3.061723660012607,2.5508980362466165,2.1454329281384523
702,3.3717516227480595,2.678604442188114,-7.630348218456178,1.5799921535200045
703,-5.12503057140805,4.085309800568132,-5.12503057140805,6.1647513422479685
704,1.7827247075740869,1.7827247075740869,-7.427615664402096,3.8621662492539226
705,5.602416197629161,5.196951089520996,-5.399683643575077,-5.399683643575077
706,1.170532806781055,-0.6212266624470002,-0.6212266624470002,0.07192051811294509
707,2.678604442188114,1.5799921535200045,-7.630348218456178,3.3717516227480595
708,-5.154476330322146,6.253088618990256,-5.154476330322146,4.055864041654036
709,0.42159973839255716,-0.6770125502755525,-0.6770125502755525,0.9324253621585478
710,0.9324253621585475,0.4215997383925569,-0.6770125502755527,-0.6770125502755527
711,-2.878231366242557,-2.878231366242557,-2.878231366242557,8.634694098727671
712,2.5508980362466165,3.061723660012607,-7.758054624397676,2.1454329281384523
713,-0.5756462732485115,1.0337916391855888,-0.5756462732485115,0.11750090731143388
714,-5.327763125462132,4.9811895351821605,-5.327763125462132,5.674336715742106
715,-7.630348218456178,1.5799921535200045,2.678604442188114,3.3717516227480595
716,3.061723660012607,2.5508980362466165,-7.758054624397676,2.1454329281384523
717,-2.878231366242557,-2.878231366242557,-2.878231366242557,8.634694098727671
718,1.5799921535200045,2.678604442188114,-7.630348218456178,3.3717516227480595
719,-2.878231366242557,-2.878231366242557,-2.878231366242557,8.634694098727671
720,-0.10136627702704092,0.30409883108112357,-0.7945134575869862,0.5917809035329044
721,2.1454329281384523,2.550898036246617,-7.758054624397675,3.0617236600126074
722,1.170532806781055,-0.6212266624469998,-0.6212266624469998,0.0719205181129455
723,-0.4864775372638284,-0.4864775372638284,-0.4864775372638284,1.459432611791485
724,2.201218815967004,3.2998311046351136,-7.702268736569124,2.201218815967004
725,-2.878231366242557,-2.878231366242557,-2.878231366242557,8.634694098727671
726,-5.4098891422051425,5.409889142205141,-5.4098891422051425,5.409889142205141
727,-5.154476330322146,-5.154476330322146,4.055864041654036,6.253088618990256
728,-7.567519611385952,2.3359679411501757,3.5887309096455438,1.6428207605902305
729,-5.4098891422051425,5.409889142205141,-5.4098891422051425,5.409889142205141
730,1.6428207605902305,-7.567519611385952,2.3359679411501757,3.5887309096455438
731,0.5917809035329041,-0.10136627702704117,-0.7945134575869864,0.3040988310811233
732,-5.154476330322146,4.055864041654036,-5.154476330322146,6.253088618990256
733,-2.878231366242557,-2.878231366242557,-2.878231366242557,8.634694098727671
734,-2.878231366242557,-2.878231366242557,-2.878231366242557,8.634694098727671
735,-2.878231366242557,-2.878231366242557,-2.878231366242557,8.634694098727671
736,2.9399463857254386,1.553652024605548,3.1630899370396484,-7.656688347370634
737,1.5536520246055476,-7.656688347370635,2.939946385725438,3.163089937039648
738,2.3359679411501757,-7.567519611385952,1.6428207605902305,3.5887309096455438
739,3.3717516227480595,2.678604442188114,-7.630348218456178,1.5799921535200045
740,-5.298317366548037,4.605170185988091,-5.298317366548037,5.991464547107982
741,-5.399683643575079,5.1969510895209945,-5.399683643575079,5.602416197629159
742,3.588730909645544,2.3359679411501766,-7.5675196113859515,1.6428207605902312
743,-5.399683643575079,5.1969510895209945,-5.399683643575079,5.602416197629159
744,3.163089937039648,2.939946385725438,-7.656688347370635,1.5536520246055476
745,1.7827247075740869,1.7827247075740869,-7.427615664402096,3.8621662492539226
746,-5.154476330322146,4.055864041654036,-5.154476330322146,6.253088618990256
747,3.3717516227480595,-7.630348218456178,2.678604442188114,1.5799921535200045
748,4.055864041654036,-5.154476330322146,-5.154476330322146,6.253088618990256
749,-5.298317366548037,-5.298317366548037,4.605170185988091,5.991464547107982
750,4.605170185988091,5.991464547107982,-5.298317366548037,-5.298317366548037
751,2.550898036246617,2.1454329281384523,-7.758054624397675,3.0617236600126074
752,2.8224454784140045,2.8224454784140045,-7.774189254682069,2.129298297854059
753,3.588730909645544,-7.5675196113859515,1.6428207605902312,2.3359679411501766
754,-5.3663007954189474,-5.3663007954189474,5.789949725612549,4.942651865225345
755,1.170532806781055,0.07192051811294509,-0.6212266624470002,-0.6212266624470002
756,4.850377499241023,-5.053110053295105,-5.053110053295105,5.255842607349187
757,-5.3663007954189474,4.942651865225345,-5.3663007954189474,5.789949725612549
758,-5.154476330322146,4.055864041654036,-5.154476330322146,6.253088618990256
759,-5.154476330322146,-5.154476330322146,4.055864041654036,6.253088618990256
760,1.5536520246055476,-7.656688347370635,2.939946385725438,3.163089937039648
761,-7.427615664402096,1.7827247075740869,1.7827247075740869,3.8621662492539226
762,-7.774189254682069,2.822445478414004,2.1292982978540587,2.822445478414004
763,1.6428207605902305,2.3359679411501757,-7.567519611385952,3.5887309096455438
764,1.553652024605548,2.9399463857254386,-7.656688347370634,3.1630899370396484
765,-5.399683643575077,5.602416197629161,-5.399683643575077,5.196951089520996
766,4.942651865225345,-5.3663007954189474,-5.3663007954189474,5.789949725612549
767,1.5536520246055476,-7.656688347370635,2.939946385725438,3.163089937039648
768,-7.656688347370635,3.163089937039648,1.5536520246055476,2.939946385725438
769,-0.7489330683884978,0.8605048440456025,-0.05578588782855254,-0.05578588782855254
770,5.602416197629161,-5.399683643575077,-5.399683643575077,5.196951089520996
771,5.602416197629161,-5.399683643575077,-5.399683643575077,5.196951089520996
772,5.409889142205141,-5.4098891422051425,-5.4098891422051425,5.409889142205141
773,2.1454329281384523,2.550898036246617,-7.758054624397675,3.0617236600126074
774,2.2012188159670045,2.2012188159670045,-7.702268736569123,3.2998311046351145
775,-0.4864775372638284,-0.4864775372638284,-0.4864775372638284,1.4594326117914849
776,5.991464547107982,4.605170185988091,-5.298317366548037,-5.298317366548037
777,-0.05578588782855254,-0.7489330683884978,-0.05578588782855254,0.8605048440456025
778,-0.6212266624470002,0.07192051811294509,-0.6212266624470002,1.170532806781055
779,-0.6212266624470002,-0.6212266624470002,0.07192051811294509,1.170532806781055
780,3.061723660012607,2.5508980362466165,-7.758054624397676,2.1454329281384523
781,-7.630348218456178,3.3717516227480595,1.5799921535200045,2.678604442188114
782,-0.6770125502755525,0.42159973839255716,-0.6770125502755525,0.9324253621585478
783,-2.878231366242557,-2.878231366242557,-2.878231366242557,8.634694098727671
784,-5.154476330322146,-5.154476330322146,4.055864041654036,6.253088618990256
785,-2.878231366242557,-2.878231366242557,-2.878231366242557,8.634694098727671
786,-2.878231366242557,-2.878231366242557,-2.878231366242557,8.634694098727671
787,-7.567519611385952,2.3359679411501757,1.6428207605902305,3.5887309096455438
788,-2.878231366242557,-2.878231366242557,-2.878231366242557,8.634694098727671
789,-2.878231366242557,-2.878231366242557,-2.878231366242557,8.634694098727671
790,-5.154476330322146,4.055864041654036,-5.154476330322146,6.253088618990256
791,-5.12503057140805,4.085309800568132,-5.12503057140805,6.1647513422479685
792,-2.878231366242557,-2.878231366242557,-2.878231366242557,8.634694098727671
793,2.678604442188114,3.3717516227480595,-7.630348218456178,1.5799921535200045
794,-7.5675196113859515,3.588730909645544,1.6428207605902312,2.3359679411501766
795,-5.154476330322146,6.253088618990256,-5.154476330322146,4.055864041654036
796,3.3717516227480595,-7.630348218456178,1.5799921535200045,2.678604442188114
797,3.3717516227480595,1.5799921535200045,-7.630348218456178,2.678604442188114
798,1.6813584305470455,-7.528981941429137,2.779970719215155,3.067652791666936
799,-5.4098891422051425,5.409889142205141,-5.4098891422051425,5.409889142205141
800,-7.758054624397676,2.5508980362466165,2.1454329281384523,3.061723660012607
801,5.991464547107982,4.605170185988091,-5.298317366548037,-5.298317366548037
802,2.3359679411501757,1.6428207605902305,-7.567519611385952,3.5887309096455438
803,-2.878231366242557,-2.878231366242557,-2.878231366242557,8.634694098727671
804,-0.20273255405408205,0.20273255405408247,-0.20273255405408205,0.20273255405408247
805,-5.154476330322146,-5.154476330322146,4.055864041654036,6.253088618990256
806,8.634694098727671,-2.878231366242557,-2.878231366242557,-2.878231366242557
807,-2.878231366242557,-2.878231366242557,-2.878231366242557,8.634694098727671
808,-7.427615664402096,1.7827247075740869,1.7827247075740869,3.8621662492539226
809,1.6813584305470455,-7.528981941429137,2.374505611106991,3.4731178997751004
810,0.6931471805599453,-0.6931471805599453,-0.6931471805599453,0.6931471805599453
811,1.5799921535200045,-7.630348218456178,2.678604442188114,3.3717516227480595
812,2.3359679411501766,3.588730909645544,-7.5675196113859515,1.6428207605902312
813,-5.298317366548037,4.605170185988091,-5.298317366548037,5.991464547107982
814,-5.154476330322146,6.253088618990256,-5.154476330322146,4.055864041654036
815,-5.298317366548037,4.605170185988091,-5.298317366548037,5.991464547107982
816,2.2012188159670045,2.2012188159670045,-7.702268736569123,3.2998311046351145
817,1.5799921535200048,3.3717516227480595,-7.630348218456178,2.6786044421881146
818,-5.154476330322146,-5.154476330322146,6.253088618990256,4.055864041654036
819,2.550898036246617,2.1454329281384523,-7.758054624397675,3.0617236600126074
820,-5.154476330322146,-5.154476330322146,4.055864041654036,6.253088618990256
821,5.8122486203136665,-5.007529664096617,-5.007529664096617,4.202810707879566
822,3.2350104551525933,-7.584767829257689,1.625572542718493,2.724184831386603
823,2.939946385725438,-7.656688347370635,1.5536520246055476,3.163089937039648
824,-0.05578588782855254,-0.7489330683884978,-0.05578588782855254,0.8605048440456025
825,-5.298317366548037,4.605170185988091,-5.298317366548037,5.991464547107982
826,6.253088618990256,4.055864041654036,-5.154476330322146,-5.154476330322146
827,-5.4098891422051425,5.409889142205141,-5.4098891422051425,5.409889142205141
828,-5.154476330322146,-5.154476330322146,4.055864041654036,6.253088618990256
829,-2.878231366242557,-2.878231366242557,-2.878231366242557,8.634694098727671
830,-0.6212266624470002,0.07192051811294509,-0.6212266624470002,1.170532806781055
831,-2.878231366242557,-2.878231366242557,-2.878231366242557,8.634694098727671
832,2.201218815967004,3.2998311046351136,-7.702268736569124,2.201218815967004
833,-5.154476330322146,6.253088618990256,-5.154476330322146,4.055864041654036
834,-5.154476330322146,4.055864041654036,-5.154476330322146,6.253088618990256
835,-0.10136627702704117,-0.7945134575869864,0.5917809035329041,0.3040988310811231
836,-0.4864775372638284,-0.4864775372638284,-0.4864775372638284,1.4594326117914849
837,0.30409883108112357,-0.10136627702704092,-0.7945134575869862,0.5917809035329044
838,4.055864041654036,-5.154476330322146,-5.154476330322146,6.253088618990256
839,-2.878231366242557,-2.878231366242557,-2.878231366242557,8.634694098727671
840,-5.399683643575078,5.196951089520995,-5.399683643575078,5.60241619762916
841,-5.399683643575077,-5.399683643575077,5.602416197629161,5.196951089520996
842,-5.298317366548036,5.991464547107983,-5.298317366548036,4.605170185988092
843,0.20273255405408247,-0.20273255405408205,-0.20273255405408205,0.20273255405408247
844,2.5053176470481278,2.5053176470481278,-7.803635013596165,2.7929997194999086
845,5.991464547107983,-5.298317366548036,-5.298317366548036,4.605170185988092
846,-2.878231366242557,-2.878231366242557,-2.878231366242557,8.634694098727671
847,2.129298297854059,2.8224454784140045,-7.774189254682069,2.8224454784140045
848,1.7827247075740869,1.7827247075740869,-7.427615664402096,3.8621662492539226
849,0.9324253621585475,0.42159973839255704,-0.6770125502755527,-0.6770125502755527
850,-5.399683643575078,5.196951089520995,-5.399683643575078,5.60241619762916
851,-5.3663007954189474,-5.3663007954189474,5.789949725612549,4.942651865225345
852,-7.630348218456178,2.678604442188114,1.5799921535200045,3.3717516227480595
853,-5.3663007954189474,5.789949725612549,-5.3663007954189474,4.942651865225345
854,2.1454329281384523,3.061723660012607,-7.758054624397676,2.5508980362466165
855,-5.4098891422051425,5.409889142205141,-5.4098891422051425,5.409889142205141
856,-5.154476330322146,6.253088618990256,-5.154476330322146,4.055864041654036
857,0.6931471805599453,-0.6931471805599453,-0.6931471805599453,0.6931471805599453
858,-5.298317366548037,4.605170185988091,-5.298317366548037,5.991464547107982
859,-5.3663007954189474,4.942651865225345,-5.3663007954189474,5.789949725612549
860,5.991464547107983,-5.298317366548036,-5.298317366548036,4.605170185988092
861,2.1454329281384523,2.550898036246617,-7.758054624397675,3.0617236600126074
862,2.939946385725438,-7.656688347370635,1.5536520246055476,3.163089937039648
863,1.6428207605902305,2.3359679411501757,-7.567519611385952,3.5887309096455438
864,1.7827247075740869,1.7827247075740869,-7.427615664402096,3.8621662492539226
865,-5.3663007954189474,5.789949725612549,-5.3663007954189474,4.942651865225345
866,-5.298317366548036,5.991464547107983,-5.298317366548036,4.605170185988092
867,-5.154476330322146,-5.154476330322146,4.055864041654036,6.253088618990256
868,0.07192051811294509,1.170532806781055,-0.6212266624470002,-0.6212266624470002
869,-7.656688347370635,3.163089937039648,2.939946385725438,1.5536520246055476
870,3.163089937039648,2.939946385725438,-7.656688347370635,1.5536520246055476
871,3.3717516227480595,-7.630348218456178,2.678604442188114,1.5799921535200045
872,1.553652024605548,2.9399463857254386,-7.656688347370634,3.1630899370396484
873,3.299831104635114,-7.702268736569124,2.201218815967004,2.201218815967004
874,2.201218815967004,3.2998311046351136,-7.702268736569124,2.201218815967004
875,-2.878231366242557,-2.878231366242557,-2.878231366242557,8.634694098727671
876,1.6428207605902305,-7.567519611385952,2.3359679411501757,3.5887309096455438
877,-0.10136627702704092,0.30409883108112357,-0.7945134575869862,0.5917809035329044
878,-0.4864775372638284,-0.4864775372638284,-0.4864775372638284,1.4594326117914849
879,2.5508980362466165,3.061723660012607,-7.758054624397676,2.1454329281384523
880,2.3359679411501757,1.6428207605902305,-7.567519611385952,3.5887309096455438
881,-0.05578588782855254,-0.7489330683884978,-0.05578588782855254,0.8605048440456025
882,2.8224454784140045,2.129298297854059,-7.774189254682069,2.8224454784140045
883,4.055864041654036,-5.154476330322146,-5.154476330322146,6.253088618990256
884,-5.3663007954189474,-5.3663007954189474,4.942651865225345,5.789949725612549
885,-2.878231366242557,-2.878231366242557,-2.878231366242557,8.634694098727671
886,1.7827247075740869,-7.427615664402096,1.7827247075740869,3.8621662492539226
887,-0.6212266624470002,-0.6212266624470002,0.07192051811294509,1.1705328067810548
888,-7.630348218456178,2.678604442188114,1.5799921535200045,3.3717516227480595
889,1.7827247075740869,-7.427615664402096,1.7827247075740869,3.8621662492539226
890,-7.630348218456178,2.678604442188114,1.5799921535200045,3.3717516227480595
891,1.7827247075740869,1.7827247075740869,-7.427615664402096,3.8621662492539226
892,-5.154476330322146,-5.154476330322146,4.055864041654036,6.253088618990256
893,1.7827247075740869,1.7827247075740869,-7.427615664402096,3.8621662492539226
894,2.5508980362466165,-7.758054624397676,2.1454329281384523,3.061723660012607
895,-2.878231366242557,-2.878231366242557,-2.878231366242557,8.634694098727671
896,0.9324253621585475,0.4215997383925569,-0.6770125502755527,-0.6770125502755527
897,4.055864041654036,-5.154476330322146,-5.154476330322146,6.253088618990256
898,2.129298297854059,2.8224454784140045,-7.081042074122124,2.129298297854059
899,-2.8518912373281,-2.8518912373281,-2.8518912373281,8.555673711984301
